order_id,merchant_id,customer_id,customer_name,customer_email,customer_phone,order_amount,currency,status,created_at
ord_live_1001,mer_NSR_882910,cust_2001,Rahul Sharma,rahul.sharma1@example.test,+91-98XXXX1001,10024.0,INR,PAID,2026-07-14 13:47:06
ord_live_1002,mer_NSR_882910,cust_2002,Kavya Deshmukh,kavya.deshmukh2@example.test,+91-98XXXX1002,160.0,INR,PAID,2026-07-05 15:14:32
ord_live_1003,mer_NSR_882910,cust_2003,Ananya Reddy,ananya.reddy3@example.test,+91-98XXXX1003,1429.0,INR,PAID,2026-08-14 02:26:14
ord_live_1004,mer_NSR_882910,cust_2004,Riya Deshmukh,riya.deshmukh4@example.test,+91-98XXXX1004,1879.0,INR,PAID,2026-06-30 14:44:27
ord_live_1005,mer_NSR_882910,cust_2005,Ishita Patel,ishita.patel5@example.test,+91-98XXXX1005,1662.0,INR,PAID,2026-07-21 12:05:24
ord_live_1006,mer_NSR_882910,cust_2006,Rahul Singh,rahul.singh6@example.test,+91-98XXXX1006,59565.0,INR,PAID,2026-07-16 10:46:29
ord_live_1007,mer_NSR_882910,cust_2007,Rahul Kumar,rahul.kumar7@example.test,+91-98XXXX1007,699.0,INR,PAID,2026-08-10 04:56:55
ord_live_1008,mer_NSR_882910,cust_2008,Amit Deshmukh,amit.deshmukh8@example.test,+91-98XXXX1008,241.0,INR,PAID,2026-07-03 06:14:49
ord_live_1009,mer_NSR_882910,cust_2009,Siddharth Mehta,siddharth.mehta9@example.test,+91-98XXXX1009,26619.0,INR,PAID,2026-07-24 17:29:40
ord_live_1010,mer_NSR_882910,cust_2010,Amit Iyer,amit.iyer10@example.test,+91-98XXXX1010,528.0,INR,PAID,2026-08-11 17:44:59
ord_live_1011,mer_NSR_882910,cust_2011,Kavya Deshmukh,kavya.deshmukh11@example.test,+91-98XXXX1011,19502.0,INR,PAID,2026-08-15 16:10:29
ord_live_1012,mer_NSR_882910,cust_2012,Pooja Patel,pooja.patel12@example.test,+91-98XXXX1012,148001.0,INR,PAID,2026-07-15 06:20:53
ord_live_1013,mer_NSR_882910,cust_2013,Rohan Gupta,rohan.gupta13@example.test,+91-98XXXX1013,72759.0,INR,PAID,2026-07-20 21:17:04
ord_live_1014,mer_NSR_882910,cust_2014,Neha Deshmukh,neha.deshmukh14@example.test,+91-98XXXX1014,40622.0,INR,PAID,2026-07-14 05:31:25
ord_live_1015,mer_NSR_882910,cust_2015,Riya Iyer,riya.iyer15@example.test,+91-98XXXX1015,604.0,INR,PAID,2026-08-17 02:34:16
ord_live_1016,mer_NSR_882910,cust_2016,Karan Deshmukh,karan.deshmukh16@example.test,+91-98XXXX1016,548.0,INR,PAID,2026-07-09 01:31:05
ord_live_1017,mer_NSR_882910,cust_2017,Rohan Mehta,rohan.mehta17@example.test,+91-98XXXX1017,426.0,INR,PAID,2026-08-20 06:27:38
ord_live_1018,mer_NSR_882910,cust_2018,Kavya Kumar,kavya.kumar18@example.test,+91-98XXXX1018,1057.0,INR,PAID,2026-08-02 17:35:55
ord_live_1019,mer_NSR_882910,cust_2019,Ananya Joshi,ananya.joshi19@example.test,+91-98XXXX1019,19595.0,INR,PAID,2026-08-17 17:49:41
ord_live_1020,mer_NSR_882910,cust_2020,Ishita Mehta,ishita.mehta20@example.test,+91-98XXXX1020,422.0,INR,PAID,2026-07-29 09:46:56
ord_live_1021,mer_NSR_882910,cust_2021,Sneha Reddy,sneha.reddy21@example.test,+91-98XXXX1021,18635.0,INR,PAID,2026-07-07 05:19:53
ord_live_1022,mer_NSR_882910,cust_2022,Neha Iyer,neha.iyer22@example.test,+91-98XXXX1022,429.0,INR,PAID,2026-08-04 01:58:00
ord_live_1023,mer_NSR_882910,cust_2023,Ishita Nair,ishita.nair23@example.test,+91-98XXXX1023,842.0,INR,PAID,2026-07-19 16:03:15
ord_live_1024,mer_NSR_882910,cust_2024,Kavya Mehta,kavya.mehta24@example.test,+91-98XXXX1024,4267.0,INR,PAID,2026-08-18 02:49:08
ord_live_1025,mer_NSR_882910,cust_2025,Priya Joshi,priya.joshi25@example.test,+91-98XXXX1025,7410.0,INR,PAID,2026-07-17 01:55:38
ord_live_1026,mer_NSR_882910,cust_2026,Karan Gupta,karan.gupta26@example.test,+91-98XXXX1026,69497.0,INR,PAID,2026-08-16 07:12:45
ord_live_1027,mer_NSR_882910,cust_2027,Siddharth Kumar,siddharth.kumar27@example.test,+91-98XXXX1027,123945.0,INR,PAID,2026-07-29 01:28:07
ord_live_1028,mer_NSR_882910,cust_2028,Aditya Gupta,aditya.gupta28@example.test,+91-98XXXX1028,142.0,INR,PAID,2026-08-07 02:14:37
ord_live_1029,mer_NSR_882910,cust_2029,Aditya Sharma,aditya.sharma29@example.test,+91-98XXXX1029,1391.0,INR,PAID,2026-07-03 16:04:57
ord_live_1030,mer_NSR_882910,cust_2030,Rohan Singh,rohan.singh30@example.test,+91-98XXXX1030,586.0,INR,PAID,2026-07-18 06:31:13
ord_live_1031,mer_NSR_882910,cust_2031,Priya Agarwal,priya.agarwal31@example.test,+91-98XXXX1031,57423.0,INR,PAID,2026-08-06 00:15:50
ord_live_1032,mer_NSR_882910,cust_2032,Aarav Kumar,aarav.kumar32@example.test,+91-98XXXX1032,297.0,INR,PAID,2026-08-11 22:22:27
ord_live_1033,mer_NSR_882910,cust_2033,Karan Nair,karan.nair33@example.test,+91-98XXXX1033,23550.0,INR,PAID,2026-08-13 05:41:06
ord_live_1034,mer_NSR_882910,cust_2034,Rohan Kumar,rohan.kumar34@example.test,+91-98XXXX1034,5580.0,INR,PAID,2026-07-15 15:12:34
ord_live_1035,mer_NSR_882910,cust_2035,Riya Iyer,riya.iyer35@example.test,+91-98XXXX1035,669.0,INR,PAID,2026-07-29 16:55:59
ord_live_1036,mer_NSR_882910,cust_2036,Kavya Nair,kavya.nair36@example.test,+91-98XXXX1036,56066.0,INR,PAID,2026-07-06 10:41:34
ord_live_1037,mer_NSR_882910,cust_2037,Ananya Mehta,ananya.mehta37@example.test,+91-98XXXX1037,35491.0,INR,PAID,2026-07-10 22:31:30
ord_live_1038,mer_NSR_882910,cust_2038,Neha Kumar,neha.kumar38@example.test,+91-98XXXX1038,30789.0,INR,PAID,2026-07-24 09:24:16
ord_live_1039,mer_NSR_882910,cust_2039,Riya Patel,riya.patel39@example.test,+91-98XXXX1039,1595.0,INR,PAID,2026-08-20 02:42:45
ord_live_1040,mer_NSR_882910,cust_2040,Aarav Iyer,aarav.iyer40@example.test,+91-98XXXX1040,544.0,INR,PAID,2026-07-04 03:47:34
ord_live_1041,mer_NSR_882910,cust_2041,Rohan Agarwal,rohan.agarwal41@example.test,+91-98XXXX1041,201.0,INR,PAID,2026-08-07 00:32:58
ord_live_1042,mer_NSR_882910,cust_2042,Vikram Sharma,vikram.sharma42@example.test,+91-98XXXX1042,85501.0,INR,PAID,2026-07-11 11:38:04
ord_live_1043,mer_NSR_882910,cust_2043,Aditya Kumar,aditya.kumar43@example.test,+91-98XXXX1043,1922.0,INR,PAID,2026-08-05 16:37:38
ord_live_1044,mer_NSR_882910,cust_2044,Rohan Deshmukh,rohan.deshmukh44@example.test,+91-98XXXX1044,1445.0,INR,PAID,2026-08-07 03:33:20
ord_live_1045,mer_NSR_882910,cust_2045,Sneha Gupta,sneha.gupta45@example.test,+91-98XXXX1045,12295.0,INR,PAID,2026-07-15 17:25:08
ord_live_1046,mer_NSR_882910,cust_2046,Siddharth Nair,siddharth.nair46@example.test,+91-98XXXX1046,1638.0,INR,PAID,2026-07-04 09:29:39
ord_live_1047,mer_NSR_882910,cust_2047,Rahul Mehta,rahul.mehta47@example.test,+91-98XXXX1047,18576.0,INR,PAID,2026-07-16 13:59:22
ord_live_1048,mer_NSR_882910,cust_2048,Kavya Gupta,kavya.gupta48@example.test,+91-98XXXX1048,422.0,INR,PAID,2026-07-29 02:45:19
ord_live_1049,mer_NSR_882910,cust_2049,Ananya Joshi,ananya.joshi49@example.test,+91-98XXXX1049,39620.0,INR,PAID,2026-08-11 12:56:08
ord_live_1050,mer_NSR_882910,cust_2050,Sneha Mehta,sneha.mehta50@example.test,+91-98XXXX1050,68655.0,INR,PAID,2026-08-04 13:17:18
ord_live_1051,mer_NSR_882910,cust_2051,Neha Agarwal,neha.agarwal51@example.test,+91-98XXXX1051,1506.0,INR,PAID,2026-08-09 17:32:31
ord_live_1052,mer_NSR_882910,cust_2052,Sneha Sharma,sneha.sharma52@example.test,+91-98XXXX1052,966.0,INR,PAID,2026-07-17 10:00:21
ord_live_1053,mer_NSR_882910,cust_2053,Priya Joshi,priya.joshi53@example.test,+91-98XXXX1053,96179.0,INR,PAID,2026-08-16 23:35:45
ord_live_1054,mer_NSR_882910,cust_2054,Karan Reddy,karan.reddy54@example.test,+91-98XXXX1054,253.0,INR,PAID,2026-08-13 13:34:02
ord_live_1055,mer_NSR_882910,cust_2055,Amit Deshmukh,amit.deshmukh55@example.test,+91-98XXXX1055,16083.0,INR,PAID,2026-07-08 10:19:23
ord_live_1056,mer_NSR_882910,cust_2056,Rohan Singh,rohan.singh56@example.test,+91-98XXXX1056,610.0,INR,PAID,2026-08-11 12:22:49
ord_live_1057,mer_NSR_882910,cust_2057,Karan Deshmukh,karan.deshmukh57@example.test,+91-98XXXX1057,9757.0,INR,PAID,2026-07-10 14:56:26
ord_live_1058,mer_NSR_882910,cust_2058,Ananya Iyer,ananya.iyer58@example.test,+91-98XXXX1058,12885.0,INR,PAID,2026-08-19 22:51:42
ord_live_1059,mer_NSR_882910,cust_2059,Aditya Patel,aditya.patel59@example.test,+91-98XXXX1059,1535.0,INR,PAID,2026-07-06 21:55:02
ord_live_1060,mer_NSR_882910,cust_2060,Aarav Gupta,aarav.gupta60@example.test,+91-98XXXX1060,1979.0,INR,PAID,2026-07-29 20:19:52
ord_live_1061,mer_NSR_882910,cust_2061,Aditya Gupta,aditya.gupta61@example.test,+91-98XXXX1061,494.0,INR,PAID,2026-07-25 19:17:55
ord_live_1062,mer_NSR_882910,cust_2062,Kavya Patel,kavya.patel62@example.test,+91-98XXXX1062,1142.0,INR,PAID,2026-07-26 06:53:34
ord_live_1063,mer_NSR_882910,cust_2063,Ishita Sharma,ishita.sharma63@example.test,+91-98XXXX1063,633.0,INR,PAID,2026-07-12 03:16:02
ord_live_1064,mer_NSR_882910,cust_2064,Rahul Deshmukh,rahul.deshmukh64@example.test,+91-98XXXX1064,1591.0,INR,PAID,2026-08-19 19:27:38
ord_live_1065,mer_NSR_882910,cust_2065,Rahul Kumar,rahul.kumar65@example.test,+91-98XXXX1065,32457.0,INR,PAID,2026-07-16 10:45:27
ord_live_1066,mer_NSR_882910,cust_2066,Ananya Reddy,ananya.reddy66@example.test,+91-98XXXX1066,55287.0,INR,PAID,2026-08-13 08:47:47
ord_live_1067,mer_NSR_882910,cust_2067,Neha Singh,neha.singh67@example.test,+91-98XXXX1067,1459.0,INR,PAID,2026-07-22 04:20:42
ord_live_1068,mer_NSR_882910,cust_2068,Rahul Agarwal,rahul.agarwal68@example.test,+91-98XXXX1068,53234.0,INR,PAID,2026-07-20 06:26:20
ord_live_1069,mer_NSR_882910,cust_2069,Pooja Agarwal,pooja.agarwal69@example.test,+91-98XXXX1069,359.0,INR,PAID,2026-07-12 22:42:24
ord_live_1070,mer_NSR_882910,cust_2070,Vikram Deshmukh,vikram.deshmukh70@example.test,+91-98XXXX1070,15306.0,INR,PAID,2026-08-04 09:19:18
ord_live_1071,mer_NSR_882910,cust_2071,Neha Kumar,neha.kumar71@example.test,+91-98XXXX1071,12559.0,INR,PAID,2026-07-29 23:28:43
ord_live_1072,mer_NSR_882910,cust_2072,Neha Reddy,neha.reddy72@example.test,+91-98XXXX1072,7560.0,INR,PAID,2026-08-11 11:18:32
ord_live_1073,mer_NSR_882910,cust_2073,Ishita Mehta,ishita.mehta73@example.test,+91-98XXXX1073,69226.0,INR,PAID,2026-07-16 06:19:14
ord_live_1074,mer_NSR_882910,cust_2074,Neha Iyer,neha.iyer74@example.test,+91-98XXXX1074,600.0,INR,PAID,2026-07-31 04:54:49
ord_live_1075,mer_NSR_882910,cust_2075,Kavya Nair,kavya.nair75@example.test,+91-98XXXX1075,1388.0,INR,PAID,2026-08-05 15:45:44
ord_live_1076,mer_NSR_882910,cust_2076,Pooja Nair,pooja.nair76@example.test,+91-98XXXX1076,401.0,INR,PAID,2026-08-11 07:00:57
ord_live_1077,mer_NSR_882910,cust_2077,Rahul Kumar,rahul.kumar77@example.test,+91-98XXXX1077,1745.0,INR,PAID,2026-08-14 01:29:03
ord_live_1078,mer_NSR_882910,cust_2078,Aditya Mehta,aditya.mehta78@example.test,+91-98XXXX1078,17225.0,INR,PAID,2026-08-12 01:35:38
ord_live_1079,mer_NSR_882910,cust_2079,Ishita Nair,ishita.nair79@example.test,+91-98XXXX1079,18540.0,INR,PAID,2026-07-28 02:28:57
ord_live_1080,mer_NSR_882910,cust_2080,Vikram Agarwal,vikram.agarwal80@example.test,+91-98XXXX1080,49495.0,INR,PAID,2026-07-16 16:53:40
ord_live_1081,mer_NSR_882910,cust_2081,Sneha Reddy,sneha.reddy81@example.test,+91-98XXXX1081,9839.0,INR,PAID,2026-07-17 23:04:45
ord_live_1082,mer_NSR_882910,cust_2082,Siddharth Gupta,siddharth.gupta82@example.test,+91-98XXXX1082,753.0,INR,PAID,2026-08-03 11:08:09
ord_live_1083,mer_NSR_882910,cust_2083,Aditya Kumar,aditya.kumar83@example.test,+91-98XXXX1083,9010.0,INR,PAID,2026-07-04 22:26:21
ord_live_1084,mer_NSR_882910,cust_2084,Riya Kumar,riya.kumar84@example.test,+91-98XXXX1084,1804.0,INR,PAID,2026-07-26 21:57:49
ord_live_1085,mer_NSR_882910,cust_2085,Ananya Deshmukh,ananya.deshmukh85@example.test,+91-98XXXX1085,111.0,INR,PAID,2026-07-22 18:48:24
ord_live_1086,mer_NSR_882910,cust_2086,Karan Reddy,karan.reddy86@example.test,+91-98XXXX1086,19895.0,INR,PAID,2026-08-07 16:31:14
ord_live_1087,mer_NSR_882910,cust_2087,Sneha Kumar,sneha.kumar87@example.test,+91-98XXXX1087,14742.0,INR,PAID,2026-07-22 06:43:51
ord_live_1088,mer_NSR_882910,cust_2088,Pooja Agarwal,pooja.agarwal88@example.test,+91-98XXXX1088,1056.0,INR,PAID,2026-07-09 04:34:01
ord_live_1089,mer_NSR_882910,cust_2089,Pooja Deshmukh,pooja.deshmukh89@example.test,+91-98XXXX1089,2888.0,INR,PAID,2026-07-06 05:27:08
ord_live_1090,mer_NSR_882910,cust_2090,Riya Iyer,riya.iyer90@example.test,+91-98XXXX1090,875.0,INR,PAID,2026-07-20 15:29:20
ord_live_1091,mer_NSR_882910,cust_2091,Ishita Kumar,ishita.kumar91@example.test,+91-98XXXX1091,1802.0,INR,PAID,2026-07-26 17:53:05
ord_live_1092,mer_NSR_882910,cust_2092,Aarav Sharma,aarav.sharma92@example.test,+91-98XXXX1092,3706.0,INR,PAID,2026-07-22 16:41:04
ord_live_1093,mer_NSR_882910,cust_2093,Rohan Sharma,rohan.sharma93@example.test,+91-98XXXX1093,33065.0,INR,PAID,2026-07-02 04:09:15
ord_live_1094,mer_NSR_882910,cust_2094,Priya Nair,priya.nair94@example.test,+91-98XXXX1094,9142.0,INR,PAID,2026-07-30 07:16:49
ord_live_1095,mer_NSR_882910,cust_2095,Amit Iyer,amit.iyer95@example.test,+91-98XXXX1095,5753.0,INR,PAID,2026-08-18 14:19:06
ord_live_1096,mer_NSR_882910,cust_2096,Ananya Patel,ananya.patel96@example.test,+91-98XXXX1096,14298.0,INR,PAID,2026-07-26 07:12:04
ord_live_1097,mer_NSR_882910,cust_2097,Aditya Mehta,aditya.mehta97@example.test,+91-98XXXX1097,11882.0,INR,PAID,2026-08-13 04:51:07
ord_live_1098,mer_NSR_882910,cust_2098,Rohan Singh,rohan.singh98@example.test,+91-98XXXX1098,14142.0,INR,PAID,2026-07-05 01:41:21
ord_live_1099,mer_NSR_882910,cust_2099,Ananya Kumar,ananya.kumar99@example.test,+91-98XXXX1099,26916.0,INR,PAID,2026-07-27 20:40:57
ord_live_1100,mer_NSR_882910,cust_2100,Riya Agarwal,riya.agarwal100@example.test,+91-98XXXX1100,459.0,INR,PAID,2026-08-16 01:41:17
ord_live_1101,mer_NSR_882910,cust_2101,Aarav Nair,aarav.nair101@example.test,+91-98XXXX1101,1596.0,INR,PAID,2026-08-06 17:20:54
ord_live_1102,mer_NSR_882910,cust_2102,Aditya Mehta,aditya.mehta102@example.test,+91-98XXXX1102,1022.0,INR,PAID,2026-07-15 23:36:39
ord_live_1103,mer_NSR_882910,cust_2103,Pooja Singh,pooja.singh103@example.test,+91-98XXXX1103,1841.0,INR,PAID,2026-07-20 14:31:13
ord_live_1104,mer_NSR_882910,cust_2104,Amit Patel,amit.patel104@example.test,+91-98XXXX1104,1901.0,INR,PAID,2026-08-08 07:56:17
ord_live_1105,mer_NSR_882910,cust_2105,Ananya Reddy,ananya.reddy105@example.test,+91-98XXXX1105,25610.0,INR,PAID,2026-07-16 08:26:31
ord_live_1106,mer_NSR_882910,cust_2106,Aditya Agarwal,aditya.agarwal106@example.test,+91-98XXXX1106,18083.0,INR,PAID,2026-07-28 09:05:18
ord_live_1107,mer_NSR_882910,cust_2107,Aditya Kumar,aditya.kumar107@example.test,+91-98XXXX1107,12033.0,INR,PAID,2026-08-12 03:23:30
ord_live_1108,mer_NSR_882910,cust_2108,Amit Kumar,amit.kumar108@example.test,+91-98XXXX1108,147141.0,INR,PAID,2026-07-21 20:44:29
ord_live_1109,mer_NSR_882910,cust_2109,Sneha Patel,sneha.patel109@example.test,+91-98XXXX1109,346.0,INR,PAID,2026-08-15 15:20:07
ord_live_1110,mer_NSR_882910,cust_2110,Vikram Gupta,vikram.gupta110@example.test,+91-98XXXX1110,1090.0,INR,PAID,2026-07-18 08:37:48
ord_live_1111,mer_NSR_882910,cust_2111,Siddharth Mehta,siddharth.mehta111@example.test,+91-98XXXX1111,39414.0,INR,PAID,2026-07-14 20:11:19
ord_live_1112,mer_NSR_882910,cust_2112,Ananya Agarwal,ananya.agarwal112@example.test,+91-98XXXX1112,10988.0,INR,PAID,2026-07-02 10:35:18
ord_live_1113,mer_NSR_882910,cust_2113,Priya Joshi,priya.joshi113@example.test,+91-98XXXX1113,52170.0,INR,PAID,2026-07-06 09:36:18
ord_live_1114,mer_NSR_882910,cust_2114,Aarav Nair,aarav.nair114@example.test,+91-98XXXX1114,476.0,INR,PAID,2026-07-03 17:55:30
ord_live_1115,mer_NSR_882910,cust_2115,Rahul Mehta,rahul.mehta115@example.test,+91-98XXXX1115,250.0,INR,PAID,2026-08-06 05:43:03
ord_live_1116,mer_NSR_882910,cust_2116,Priya Iyer,priya.iyer116@example.test,+91-98XXXX1116,39912.0,INR,PAID,2026-07-05 16:07:35
ord_live_1117,mer_NSR_882910,cust_2117,Karan Deshmukh,karan.deshmukh117@example.test,+91-98XXXX1117,9395.0,INR,PAID,2026-08-19 01:24:28
ord_live_1118,mer_NSR_882910,cust_2118,Riya Patel,riya.patel118@example.test,+91-98XXXX1118,48103.0,INR,PAID,2026-07-20 03:39:03
ord_live_1119,mer_NSR_882910,cust_2119,Rahul Gupta,rahul.gupta119@example.test,+91-98XXXX1119,10671.0,INR,PAID,2026-08-11 11:10:15
ord_live_1120,mer_NSR_882910,cust_2120,Vikram Reddy,vikram.reddy120@example.test,+91-98XXXX1120,104.0,INR,PAID,2026-07-26 23:44:38
ord_live_1121,mer_NSR_882910,cust_2121,Aarav Patel,aarav.patel121@example.test,+91-98XXXX1121,689.0,INR,PAID,2026-08-14 18:44:55
ord_live_1122,mer_NSR_882910,cust_2122,Riya Mehta,riya.mehta122@example.test,+91-98XXXX1122,10668.0,INR,PAID,2026-08-20 05:37:42
ord_live_1123,mer_NSR_882910,cust_2123,Neha Kumar,neha.kumar123@example.test,+91-98XXXX1123,559.0,INR,PAID,2026-08-10 13:58:17
ord_live_1124,mer_NSR_882910,cust_2124,Priya Mehta,priya.mehta124@example.test,+91-98XXXX1124,1722.0,INR,PAID,2026-07-20 04:47:52
ord_live_1125,mer_NSR_882910,cust_2125,Siddharth Nair,siddharth.nair125@example.test,+91-98XXXX1125,1509.0,INR,PAID,2026-07-20 07:25:17
ord_live_1126,mer_NSR_882910,cust_2126,Aarav Nair,aarav.nair126@example.test,+91-98XXXX1126,180.0,INR,PAID,2026-07-28 08:20:38
ord_live_1127,mer_NSR_882910,cust_2127,Sneha Sharma,sneha.sharma127@example.test,+91-98XXXX1127,1479.0,INR,PAID,2026-08-06 03:01:48
ord_live_1128,mer_NSR_882910,cust_2128,Sneha Deshmukh,sneha.deshmukh128@example.test,+91-98XXXX1128,1647.0,INR,PAID,2026-07-12 00:33:41
ord_live_1129,mer_NSR_882910,cust_2129,Riya Patel,riya.patel129@example.test,+91-98XXXX1129,1297.0,INR,PAID,2026-07-28 05:52:31
ord_live_1130,mer_NSR_882910,cust_2130,Kavya Nair,kavya.nair130@example.test,+91-98XXXX1130,781.0,INR,PAID,2026-07-21 06:06:54
ord_live_1131,mer_NSR_882910,cust_2131,Vikram Singh,vikram.singh131@example.test,+91-98XXXX1131,1113.0,INR,PAID,2026-07-19 06:25:52
ord_live_1132,mer_NSR_882910,cust_2132,Rohan Nair,rohan.nair132@example.test,+91-98XXXX1132,615.0,INR,PAID,2026-07-20 12:49:25
ord_live_1133,mer_NSR_882910,cust_2133,Ananya Joshi,ananya.joshi133@example.test,+91-98XXXX1133,50276.0,INR,PAID,2026-07-26 10:12:33
ord_live_1134,mer_NSR_882910,cust_2134,Amit Deshmukh,amit.deshmukh134@example.test,+91-98XXXX1134,16484.0,INR,PAID,2026-08-17 10:13:17
ord_live_1135,mer_NSR_882910,cust_2135,Priya Patel,priya.patel135@example.test,+91-98XXXX1135,1529.0,INR,PAID,2026-07-31 12:01:40
ord_live_1136,mer_NSR_882910,cust_2136,Aditya Agarwal,aditya.agarwal136@example.test,+91-98XXXX1136,1227.0,INR,PAID,2026-07-01 02:26:05
ord_live_1137,mer_NSR_882910,cust_2137,Aditya Mehta,aditya.mehta137@example.test,+91-98XXXX1137,5849.0,INR,PAID,2026-08-10 13:31:59
ord_live_1138,mer_NSR_882910,cust_2138,Siddharth Reddy,siddharth.reddy138@example.test,+91-98XXXX1138,15614.0,INR,PAID,2026-07-31 00:15:29
ord_live_1139,mer_NSR_882910,cust_2139,Priya Kumar,priya.kumar139@example.test,+91-98XXXX1139,1326.0,INR,PAID,2026-08-02 08:56:08
ord_live_1140,mer_NSR_882910,cust_2140,Kavya Patel,kavya.patel140@example.test,+91-98XXXX1140,15596.0,INR,PAID,2026-07-22 01:17:52
ord_live_1141,mer_NSR_882910,cust_2141,Ananya Patel,ananya.patel141@example.test,+91-98XXXX1141,18044.0,INR,PAID,2026-07-09 23:34:30
ord_live_1142,mer_NSR_882910,cust_2142,Amit Singh,amit.singh142@example.test,+91-98XXXX1142,19807.0,INR,PAID,2026-07-24 23:59:20
ord_live_1143,mer_NSR_882910,cust_2143,Neha Agarwal,neha.agarwal143@example.test,+91-98XXXX1143,883.0,INR,PAID,2026-07-14 22:02:20
ord_live_1144,mer_NSR_882910,cust_2144,Aarav Agarwal,aarav.agarwal144@example.test,+91-98XXXX1144,44984.0,INR,PAID,2026-07-25 06:50:52
ord_live_1145,mer_NSR_882910,cust_2145,Priya Nair,priya.nair145@example.test,+91-98XXXX1145,91548.0,INR,PAID,2026-08-02 03:21:55
ord_live_1146,mer_NSR_882910,cust_2146,Rahul Nair,rahul.nair146@example.test,+91-98XXXX1146,1963.0,INR,PAID,2026-07-29 09:46:09
ord_live_1147,mer_NSR_882910,cust_2147,Karan Joshi,karan.joshi147@example.test,+91-98XXXX1147,84808.0,INR,PAID,2026-07-30 17:21:39
ord_live_1148,mer_NSR_882910,cust_2148,Pooja Joshi,pooja.joshi148@example.test,+91-98XXXX1148,771.0,INR,PAID,2026-08-13 02:24:20
ord_live_1149,mer_NSR_882910,cust_2149,Aarav Reddy,aarav.reddy149@example.test,+91-98XXXX1149,239.0,INR,PAID,2026-07-16 05:43:58
ord_live_1150,mer_NSR_882910,cust_2150,Siddharth Gupta,siddharth.gupta150@example.test,+91-98XXXX1150,16220.0,INR,PAID,2026-07-07 05:45:55
ord_live_1151,mer_NSR_882910,cust_2151,Rahul Nair,rahul.nair151@example.test,+91-98XXXX1151,712.0,INR,PAID,2026-07-01 10:20:50
ord_live_1152,mer_NSR_882910,cust_2152,Rohan Patel,rohan.patel152@example.test,+91-98XXXX1152,981.0,INR,PAID,2026-07-09 16:33:26
ord_live_1153,mer_NSR_882910,cust_2153,Vikram Iyer,vikram.iyer153@example.test,+91-98XXXX1153,1347.0,INR,PAID,2026-07-25 04:43:15
ord_live_1154,mer_NSR_882910,cust_2154,Aarav Deshmukh,aarav.deshmukh154@example.test,+91-98XXXX1154,1043.0,INR,PAID,2026-08-09 17:29:16
ord_live_1155,mer_NSR_882910,cust_2155,Ananya Nair,ananya.nair155@example.test,+91-98XXXX1155,64407.0,INR,PAID,2026-08-03 14:04:28
ord_live_1156,mer_NSR_882910,cust_2156,Amit Deshmukh,amit.deshmukh156@example.test,+91-98XXXX1156,967.0,INR,PAID,2026-08-13 17:29:54
ord_live_1157,mer_NSR_882910,cust_2157,Siddharth Gupta,siddharth.gupta157@example.test,+91-98XXXX1157,138336.0,INR,PAID,2026-07-06 16:24:36
ord_live_1158,mer_NSR_882910,cust_2158,Amit Deshmukh,amit.deshmukh158@example.test,+91-98XXXX1158,1531.0,INR,PAID,2026-07-18 09:53:42
ord_live_1159,mer_NSR_882910,cust_2159,Pooja Patel,pooja.patel159@example.test,+91-98XXXX1159,1870.0,INR,PAID,2026-08-13 08:03:58
ord_live_1160,mer_NSR_882910,cust_2160,Aarav Patel,aarav.patel160@example.test,+91-98XXXX1160,9540.0,INR,PAID,2026-08-07 20:14:40
ord_live_1161,mer_NSR_882910,cust_2161,Neha Deshmukh,neha.deshmukh161@example.test,+91-98XXXX1161,1646.0,INR,PAID,2026-08-16 06:43:53
ord_live_1162,mer_NSR_882910,cust_2162,Priya Joshi,priya.joshi162@example.test,+91-98XXXX1162,1384.0,INR,PAID,2026-08-10 10:19:50
ord_live_1163,mer_NSR_882910,cust_2163,Riya Sharma,riya.sharma163@example.test,+91-98XXXX1163,6306.0,INR,PAID,2026-07-05 18:20:47
ord_live_1164,mer_NSR_882910,cust_2164,Karan Iyer,karan.iyer164@example.test,+91-98XXXX1164,1709.0,INR,PAID,2026-08-03 20:33:32
ord_live_1165,mer_NSR_882910,cust_2165,Sneha Iyer,sneha.iyer165@example.test,+91-98XXXX1165,1787.0,INR,PAID,2026-07-30 18:47:55
ord_live_1166,mer_NSR_882910,cust_2166,Ishita Mehta,ishita.mehta166@example.test,+91-98XXXX1166,4467.0,INR,PAID,2026-07-09 16:55:43
ord_live_1167,mer_NSR_882910,cust_2167,Pooja Reddy,pooja.reddy167@example.test,+91-98XXXX1167,1718.0,INR,PAID,2026-07-25 09:16:34
ord_live_1168,mer_NSR_882910,cust_2168,Rahul Nair,rahul.nair168@example.test,+91-98XXXX1168,1632.0,INR,PAID,2026-08-12 17:37:24
ord_live_1169,mer_NSR_882910,cust_2169,Amit Mehta,amit.mehta169@example.test,+91-98XXXX1169,17449.0,INR,PAID,2026-07-02 04:56:35
ord_live_1170,mer_NSR_882910,cust_2170,Ishita Deshmukh,ishita.deshmukh170@example.test,+91-98XXXX1170,228.0,INR,PAID,2026-08-09 23:58:44
ord_live_1171,mer_NSR_882910,cust_2171,Siddharth Joshi,siddharth.joshi171@example.test,+91-98XXXX1171,385.0,INR,PAID,2026-07-02 10:19:31
ord_live_1172,mer_NSR_882910,cust_2172,Rahul Mehta,rahul.mehta172@example.test,+91-98XXXX1172,1199.0,INR,PAID,2026-07-08 21:29:23
ord_live_1173,mer_NSR_882910,cust_2173,Karan Deshmukh,karan.deshmukh173@example.test,+91-98XXXX1173,7063.0,INR,PAID,2026-07-27 05:06:53
ord_live_1174,mer_NSR_882910,cust_2174,Aarav Deshmukh,aarav.deshmukh174@example.test,+91-98XXXX1174,671.0,INR,PAID,2026-07-03 07:23:13
ord_live_1175,mer_NSR_882910,cust_2175,Riya Nair,riya.nair175@example.test,+91-98XXXX1175,122538.0,INR,PAID,2026-07-07 06:23:34
ord_live_1176,mer_NSR_882910,cust_2176,Amit Sharma,amit.sharma176@example.test,+91-98XXXX1176,487.0,INR,PAID,2026-07-07 23:05:42
ord_live_1177,mer_NSR_882910,cust_2177,Neha Joshi,neha.joshi177@example.test,+91-98XXXX1177,2699.0,INR,PAID,2026-07-03 19:15:08
ord_live_1178,mer_NSR_882910,cust_2178,Neha Mehta,neha.mehta178@example.test,+91-98XXXX1178,56320.0,INR,PAID,2026-07-14 03:13:52
ord_live_1179,mer_NSR_882910,cust_2179,Aditya Singh,aditya.singh179@example.test,+91-98XXXX1179,2092.0,INR,PAID,2026-07-17 13:08:34
ord_live_1180,mer_NSR_882910,cust_2180,Sneha Iyer,sneha.iyer180@example.test,+91-98XXXX1180,1873.0,INR,PAID,2026-07-01 13:00:22
ord_live_1181,mer_NSR_882910,cust_2181,Aditya Deshmukh,aditya.deshmukh181@example.test,+91-98XXXX1181,455.0,INR,PAID,2026-07-16 10:08:47
ord_live_1182,mer_NSR_882910,cust_2182,Karan Reddy,karan.reddy182@example.test,+91-98XXXX1182,229.0,INR,PAID,2026-07-30 23:49:23
ord_live_1183,mer_NSR_882910,cust_2183,Rahul Nair,rahul.nair183@example.test,+91-98XXXX1183,3420.0,INR,PAID,2026-08-16 06:33:19
ord_live_1184,mer_NSR_882910,cust_2184,Riya Joshi,riya.joshi184@example.test,+91-98XXXX1184,82973.0,INR,PAID,2026-07-30 21:27:43
ord_live_1185,mer_NSR_882910,cust_2185,Rahul Nair,rahul.nair185@example.test,+91-98XXXX1185,16534.0,INR,PAID,2026-07-04 11:20:38
ord_live_1186,mer_NSR_882910,cust_2186,Priya Mehta,priya.mehta186@example.test,+91-98XXXX1186,1377.0,INR,PAID,2026-08-10 03:35:45
ord_live_1187,mer_NSR_882910,cust_2187,Ishita Kumar,ishita.kumar187@example.test,+91-98XXXX1187,144542.0,INR,PAID,2026-07-18 23:32:38
ord_live_1188,mer_NSR_882910,cust_2188,Karan Mehta,karan.mehta188@example.test,+91-98XXXX1188,5749.0,INR,PAID,2026-08-11 05:56:49
ord_live_1189,mer_NSR_882910,cust_2189,Neha Kumar,neha.kumar189@example.test,+91-98XXXX1189,9487.0,INR,PAID,2026-07-26 19:52:29
ord_live_1190,mer_NSR_882910,cust_2190,Pooja Kumar,pooja.kumar190@example.test,+91-98XXXX1190,12241.0,INR,PAID,2026-07-27 19:42:16
ord_live_1191,mer_NSR_882910,cust_2191,Amit Iyer,amit.iyer191@example.test,+91-98XXXX1191,17540.0,INR,PAID,2026-07-04 11:53:05
ord_live_1192,mer_NSR_882910,cust_2192,Kavya Kumar,kavya.kumar192@example.test,+91-98XXXX1192,1612.0,INR,PAID,2026-07-23 13:35:03
ord_live_1193,mer_NSR_882910,cust_2193,Ishita Joshi,ishita.joshi193@example.test,+91-98XXXX1193,823.0,INR,PAID,2026-08-11 22:55:58
ord_live_1194,mer_NSR_882910,cust_2194,Rohan Patel,rohan.patel194@example.test,+91-98XXXX1194,13522.0,INR,PAID,2026-07-07 03:32:13
ord_live_1195,mer_NSR_882910,cust_2195,Priya Joshi,priya.joshi195@example.test,+91-98XXXX1195,5546.0,INR,PAID,2026-07-23 02:23:07
ord_live_1196,mer_NSR_882910,cust_2196,Sneha Deshmukh,sneha.deshmukh196@example.test,+91-98XXXX1196,977.0,INR,PAID,2026-08-05 04:39:43
ord_live_1197,mer_NSR_882910,cust_2197,Ananya Deshmukh,ananya.deshmukh197@example.test,+91-98XXXX1197,74359.0,INR,PAID,2026-08-13 17:01:11
ord_live_1198,mer_NSR_882910,cust_2198,Sneha Agarwal,sneha.agarwal198@example.test,+91-98XXXX1198,13135.0,INR,PAID,2026-07-22 09:11:55
ord_live_1199,mer_NSR_882910,cust_2199,Priya Deshmukh,priya.deshmukh199@example.test,+91-98XXXX1199,4280.0,INR,PAID,2026-07-10 08:40:01
ord_live_1200,mer_NSR_882910,cust_2200,Kavya Agarwal,kavya.agarwal200@example.test,+91-98XXXX1200,14327.0,INR,PAID,2026-07-26 23:21:10
ord_live_1201,mer_NSR_882910,cust_2201,Amit Patel,amit.patel201@example.test,+91-98XXXX1201,4783.0,INR,PAID,2026-07-03 13:10:48
ord_live_1202,mer_NSR_882910,cust_2202,Rohan Joshi,rohan.joshi202@example.test,+91-98XXXX1202,1006.0,INR,PAID,2026-08-11 22:31:38
ord_live_1203,mer_NSR_882910,cust_2203,Riya Kumar,riya.kumar203@example.test,+91-98XXXX1203,1645.0,INR,PAID,2026-08-01 12:22:27
ord_live_1204,mer_NSR_882910,cust_2204,Rahul Patel,rahul.patel204@example.test,+91-98XXXX1204,17945.0,INR,PAID,2026-08-03 06:19:02
ord_live_1205,mer_NSR_882910,cust_2205,Aditya Kumar,aditya.kumar205@example.test,+91-98XXXX1205,82181.0,INR,PAID,2026-06-30 15:19:13
ord_live_1206,mer_NSR_882910,cust_2206,Priya Patel,priya.patel206@example.test,+91-98XXXX1206,344.0,INR,PAID,2026-07-01 00:47:27
ord_live_1207,mer_NSR_882910,cust_2207,Vikram Iyer,vikram.iyer207@example.test,+91-98XXXX1207,1540.0,INR,PAID,2026-07-15 01:35:53
ord_live_1208,mer_NSR_882910,cust_2208,Amit Mehta,amit.mehta208@example.test,+91-98XXXX1208,1618.0,INR,PAID,2026-07-02 22:01:29
ord_live_1209,mer_NSR_882910,cust_2209,Kavya Singh,kavya.singh209@example.test,+91-98XXXX1209,15252.0,INR,PAID,2026-08-15 05:26:18
ord_live_1210,mer_NSR_882910,cust_2210,Rahul Kumar,rahul.kumar210@example.test,+91-98XXXX1210,764.0,INR,PAID,2026-07-11 04:29:53
ord_live_1211,mer_NSR_882910,cust_2211,Amit Mehta,amit.mehta211@example.test,+91-98XXXX1211,315.0,INR,PAID,2026-07-15 22:37:25
ord_live_1212,mer_NSR_882910,cust_2212,Kavya Kumar,kavya.kumar212@example.test,+91-98XXXX1212,68877.0,INR,PAID,2026-07-21 16:21:49
ord_live_1213,mer_NSR_882910,cust_2213,Vikram Mehta,vikram.mehta213@example.test,+91-98XXXX1213,5736.0,INR,PAID,2026-08-03 01:12:57
ord_live_1214,mer_NSR_882910,cust_2214,Amit Singh,amit.singh214@example.test,+91-98XXXX1214,6839.0,INR,PAID,2026-07-15 12:09:16
ord_live_1215,mer_NSR_882910,cust_2215,Neha Iyer,neha.iyer215@example.test,+91-98XXXX1215,4469.0,INR,PAID,2026-07-12 05:31:29
ord_live_1216,mer_NSR_882910,cust_2216,Riya Joshi,riya.joshi216@example.test,+91-98XXXX1216,56994.0,INR,PAID,2026-08-11 05:39:20
ord_live_1217,mer_NSR_882910,cust_2217,Ishita Iyer,ishita.iyer217@example.test,+91-98XXXX1217,1059.0,INR,PAID,2026-07-29 05:19:50
ord_live_1218,mer_NSR_882910,cust_2218,Sneha Deshmukh,sneha.deshmukh218@example.test,+91-98XXXX1218,1138.0,INR,PAID,2026-07-04 18:29:28
ord_live_1219,mer_NSR_882910,cust_2219,Rohan Sharma,rohan.sharma219@example.test,+91-98XXXX1219,686.0,INR,PAID,2026-07-05 05:55:54
ord_live_1220,mer_NSR_882910,cust_2220,Kavya Deshmukh,kavya.deshmukh220@example.test,+91-98XXXX1220,14598.0,INR,PAID,2026-07-30 03:35:50
ord_live_1221,mer_NSR_882910,cust_2221,Rohan Nair,rohan.nair221@example.test,+91-98XXXX1221,57464.0,INR,PAID,2026-08-10 15:20:38
ord_live_1222,mer_NSR_882910,cust_2222,Aarav Reddy,aarav.reddy222@example.test,+91-98XXXX1222,225.0,INR,PAID,2026-07-28 12:51:57
ord_live_1223,mer_NSR_882910,cust_2223,Ishita Agarwal,ishita.agarwal223@example.test,+91-98XXXX1223,1422.0,INR,PAID,2026-07-11 10:15:45
ord_live_1224,mer_NSR_882910,cust_2224,Riya Nair,riya.nair224@example.test,+91-98XXXX1224,7201.0,INR,PAID,2026-07-23 20:58:18
ord_live_1225,mer_NSR_882910,cust_2225,Pooja Kumar,pooja.kumar225@example.test,+91-98XXXX1225,3715.0,INR,PAID,2026-08-20 05:41:21
ord_live_1226,mer_NSR_882910,cust_2226,Kavya Singh,kavya.singh226@example.test,+91-98XXXX1226,1488.0,INR,PAID,2026-07-24 18:16:46
ord_live_1227,mer_NSR_882910,cust_2227,Priya Singh,priya.singh227@example.test,+91-98XXXX1227,1458.0,INR,PAID,2026-07-09 20:19:41
ord_live_1228,mer_NSR_882910,cust_2228,Pooja Iyer,pooja.iyer228@example.test,+91-98XXXX1228,4776.0,INR,PAID,2026-07-20 02:24:41
ord_live_1229,mer_NSR_882910,cust_2229,Ishita Iyer,ishita.iyer229@example.test,+91-98XXXX1229,19248.0,INR,PAID,2026-07-06 05:42:27
ord_live_1230,mer_NSR_882910,cust_2230,Amit Sharma,amit.sharma230@example.test,+91-98XXXX1230,468.0,INR,PAID,2026-07-13 19:49:31
ord_live_1231,mer_NSR_882910,cust_2231,Neha Gupta,neha.gupta231@example.test,+91-98XXXX1231,95309.0,INR,PAID,2026-07-04 18:54:50
ord_live_1232,mer_NSR_882910,cust_2232,Rahul Reddy,rahul.reddy232@example.test,+91-98XXXX1232,19253.0,INR,PAID,2026-07-03 06:21:56
ord_live_1233,mer_NSR_882910,cust_2233,Priya Deshmukh,priya.deshmukh233@example.test,+91-98XXXX1233,431.0,INR,PAID,2026-07-12 07:49:39
ord_live_1234,mer_NSR_882910,cust_2234,Vikram Agarwal,vikram.agarwal234@example.test,+91-98XXXX1234,940.0,INR,PAID,2026-07-24 06:46:15
ord_live_1235,mer_NSR_882910,cust_2235,Riya Deshmukh,riya.deshmukh235@example.test,+91-98XXXX1235,1632.0,INR,PAID,2026-08-19 23:14:34
ord_live_1236,mer_NSR_882910,cust_2236,Aditya Patel,aditya.patel236@example.test,+91-98XXXX1236,136475.0,INR,PAID,2026-07-12 20:43:36
ord_live_1237,mer_NSR_882910,cust_2237,Riya Nair,riya.nair237@example.test,+91-98XXXX1237,14513.0,INR,PAID,2026-08-02 01:26:10
ord_live_1238,mer_NSR_882910,cust_2238,Neha Deshmukh,neha.deshmukh238@example.test,+91-98XXXX1238,611.0,INR,PAID,2026-07-04 05:30:55
ord_live_1239,mer_NSR_882910,cust_2239,Amit Reddy,amit.reddy239@example.test,+91-98XXXX1239,66622.0,INR,PAID,2026-08-02 12:18:05
ord_live_1240,mer_NSR_882910,cust_2240,Vikram Patel,vikram.patel240@example.test,+91-98XXXX1240,1150.0,INR,PAID,2026-07-09 22:05:58
ord_live_1241,mer_NSR_882910,cust_2241,Aditya Nair,aditya.nair241@example.test,+91-98XXXX1241,21747.0,INR,PAID,2026-07-26 10:25:32
ord_live_1242,mer_NSR_882910,cust_2242,Amit Gupta,amit.gupta242@example.test,+91-98XXXX1242,266.0,INR,PAID,2026-07-23 16:01:20
ord_live_1243,mer_NSR_882910,cust_2243,Rahul Agarwal,rahul.agarwal243@example.test,+91-98XXXX1243,6785.0,INR,PAID,2026-07-08 10:18:58
ord_live_1244,mer_NSR_882910,cust_2244,Aarav Agarwal,aarav.agarwal244@example.test,+91-98XXXX1244,69731.0,INR,PAID,2026-08-15 00:28:39
ord_live_1245,mer_NSR_882910,cust_2245,Ananya Mehta,ananya.mehta245@example.test,+91-98XXXX1245,540.0,INR,PAID,2026-07-10 02:46:38
ord_live_1246,mer_NSR_882910,cust_2246,Karan Mehta,karan.mehta246@example.test,+91-98XXXX1246,9786.0,INR,PAID,2026-07-19 12:03:15
ord_live_1247,mer_NSR_882910,cust_2247,Karan Joshi,karan.joshi247@example.test,+91-98XXXX1247,16978.0,INR,PAID,2026-07-04 12:53:57
ord_live_1248,mer_NSR_882910,cust_2248,Aarav Deshmukh,aarav.deshmukh248@example.test,+91-98XXXX1248,18887.0,INR,PAID,2026-08-05 16:45:09
ord_live_1249,mer_NSR_882910,cust_2249,Siddharth Kumar,siddharth.kumar249@example.test,+91-98XXXX1249,821.0,INR,PAID,2026-07-16 03:26:11
ord_live_1250,mer_NSR_882910,cust_2250,Kavya Reddy,kavya.reddy250@example.test,+91-98XXXX1250,83871.0,INR,PAID,2026-08-03 02:32:50
ord_live_1251,mer_NSR_882910,cust_2251,Ananya Kumar,ananya.kumar251@example.test,+91-98XXXX1251,22853.0,INR,PAID,2026-08-09 21:23:16
ord_live_1252,mer_NSR_882910,cust_2252,Ananya Singh,ananya.singh252@example.test,+91-98XXXX1252,13298.0,INR,PAID,2026-07-16 08:42:40
ord_live_1253,mer_NSR_882910,cust_2253,Rahul Deshmukh,rahul.deshmukh253@example.test,+91-98XXXX1253,12895.0,INR,PAID,2026-07-08 10:22:34
ord_live_1254,mer_NSR_882910,cust_2254,Ishita Joshi,ishita.joshi254@example.test,+91-98XXXX1254,1694.0,INR,PAID,2026-08-12 23:44:30
ord_live_1255,mer_NSR_882910,cust_2255,Vikram Iyer,vikram.iyer255@example.test,+91-98XXXX1255,1688.0,INR,PAID,2026-07-29 10:18:12
ord_live_1256,mer_NSR_882910,cust_2256,Rohan Gupta,rohan.gupta256@example.test,+91-98XXXX1256,40682.0,INR,PAID,2026-07-20 01:25:52
ord_live_1257,mer_NSR_882910,cust_2257,Aarav Patel,aarav.patel257@example.test,+91-98XXXX1257,1423.0,INR,PAID,2026-07-12 18:22:55
ord_live_1258,mer_NSR_882910,cust_2258,Rohan Joshi,rohan.joshi258@example.test,+91-98XXXX1258,353.0,INR,PAID,2026-07-23 22:56:25
ord_live_1259,mer_NSR_882910,cust_2259,Riya Kumar,riya.kumar259@example.test,+91-98XXXX1259,481.0,INR,PAID,2026-08-01 07:31:23
ord_live_1260,mer_NSR_882910,cust_2260,Sneha Mehta,sneha.mehta260@example.test,+91-98XXXX1260,4586.0,INR,PAID,2026-07-28 04:52:11
ord_live_1261,mer_NSR_882910,cust_2261,Siddharth Singh,siddharth.singh261@example.test,+91-98XXXX1261,770.0,INR,PAID,2026-08-11 18:19:28
ord_live_1262,mer_NSR_882910,cust_2262,Karan Iyer,karan.iyer262@example.test,+91-98XXXX1262,13519.0,INR,PAID,2026-07-28 10:46:55
ord_live_1263,mer_NSR_882910,cust_2263,Amit Deshmukh,amit.deshmukh263@example.test,+91-98XXXX1263,110987.0,INR,PAID,2026-08-09 10:04:42
ord_live_1264,mer_NSR_882910,cust_2264,Pooja Singh,pooja.singh264@example.test,+91-98XXXX1264,7242.0,INR,PAID,2026-07-01 13:54:38
ord_live_1265,mer_NSR_882910,cust_2265,Riya Sharma,riya.sharma265@example.test,+91-98XXXX1265,582.0,INR,PAID,2026-08-19 05:23:23
ord_live_1266,mer_NSR_882910,cust_2266,Pooja Deshmukh,pooja.deshmukh266@example.test,+91-98XXXX1266,413.0,INR,PAID,2026-08-12 23:23:23
ord_live_1267,mer_NSR_882910,cust_2267,Riya Mehta,riya.mehta267@example.test,+91-98XXXX1267,19349.0,INR,PAID,2026-07-23 21:20:41
ord_live_1268,mer_NSR_882910,cust_2268,Sneha Gupta,sneha.gupta268@example.test,+91-98XXXX1268,78397.0,INR,PAID,2026-08-16 14:31:33
ord_live_1269,mer_NSR_882910,cust_2269,Pooja Reddy,pooja.reddy269@example.test,+91-98XXXX1269,1686.0,INR,PAID,2026-07-17 07:28:13
ord_live_1270,mer_NSR_882910,cust_2270,Siddharth Agarwal,siddharth.agarwal270@example.test,+91-98XXXX1270,52191.0,INR,PAID,2026-07-12 12:08:54
ord_live_1271,mer_NSR_882910,cust_2271,Kavya Nair,kavya.nair271@example.test,+91-98XXXX1271,1559.0,INR,PAID,2026-07-28 11:51:43
ord_live_1272,mer_NSR_882910,cust_2272,Ishita Joshi,ishita.joshi272@example.test,+91-98XXXX1272,231.0,INR,PAID,2026-08-05 02:18:57
ord_live_1273,mer_NSR_882910,cust_2273,Siddharth Iyer,siddharth.iyer273@example.test,+91-98XXXX1273,7704.0,INR,PAID,2026-08-19 20:32:14
ord_live_1274,mer_NSR_882910,cust_2274,Rahul Gupta,rahul.gupta274@example.test,+91-98XXXX1274,9757.0,INR,PAID,2026-08-20 00:01:23
ord_live_1275,mer_NSR_882910,cust_2275,Amit Nair,amit.nair275@example.test,+91-98XXXX1275,56152.0,INR,PAID,2026-07-09 04:56:05
ord_live_1276,mer_NSR_882910,cust_2276,Kavya Patel,kavya.patel276@example.test,+91-98XXXX1276,1567.0,INR,PAID,2026-08-16 00:33:26
ord_live_1277,mer_NSR_882910,cust_2277,Karan Deshmukh,karan.deshmukh277@example.test,+91-98XXXX1277,748.0,INR,PAID,2026-08-10 11:28:29
ord_live_1278,mer_NSR_882910,cust_2278,Amit Iyer,amit.iyer278@example.test,+91-98XXXX1278,71135.0,INR,PAID,2026-08-05 05:37:11
ord_live_1279,mer_NSR_882910,cust_2279,Priya Kumar,priya.kumar279@example.test,+91-98XXXX1279,3815.0,INR,PAID,2026-07-08 01:09:19
ord_live_1280,mer_NSR_882910,cust_2280,Vikram Iyer,vikram.iyer280@example.test,+91-98XXXX1280,1551.0,INR,PAID,2026-07-14 20:33:57
ord_live_1281,mer_NSR_882910,cust_2281,Siddharth Mehta,siddharth.mehta281@example.test,+91-98XXXX1281,1399.0,INR,PAID,2026-08-04 17:08:40
ord_live_1282,mer_NSR_882910,cust_2282,Siddharth Deshmukh,siddharth.deshmukh282@example.test,+91-98XXXX1282,18468.0,INR,PAID,2026-08-10 14:37:37
ord_live_1283,mer_NSR_882910,cust_2283,Priya Iyer,priya.iyer283@example.test,+91-98XXXX1283,13063.0,INR,PAID,2026-08-05 10:52:55
ord_live_1284,mer_NSR_882910,cust_2284,Ananya Mehta,ananya.mehta284@example.test,+91-98XXXX1284,1412.0,INR,PAID,2026-08-19 03:16:41
ord_live_1285,mer_NSR_882910,cust_2285,Neha Deshmukh,neha.deshmukh285@example.test,+91-98XXXX1285,1407.0,INR,PAID,2026-07-02 00:56:40
ord_live_1286,mer_NSR_882910,cust_2286,Siddharth Joshi,siddharth.joshi286@example.test,+91-98XXXX1286,138301.0,INR,PAID,2026-07-16 06:25:19
ord_live_1287,mer_NSR_882910,cust_2287,Riya Mehta,riya.mehta287@example.test,+91-98XXXX1287,7179.0,INR,PAID,2026-07-28 22:30:29
ord_live_1288,mer_NSR_882910,cust_2288,Neha Singh,neha.singh288@example.test,+91-98XXXX1288,12242.0,INR,PAID,2026-08-14 19:46:55
ord_live_1289,mer_NSR_882910,cust_2289,Amit Kumar,amit.kumar289@example.test,+91-98XXXX1289,857.0,INR,PAID,2026-08-02 02:06:20
ord_live_1290,mer_NSR_882910,cust_2290,Aditya Nair,aditya.nair290@example.test,+91-98XXXX1290,1019.0,INR,PAID,2026-07-15 13:06:03
ord_live_1291,mer_NSR_882910,cust_2291,Siddharth Kumar,siddharth.kumar291@example.test,+91-98XXXX1291,47402.0,INR,PAID,2026-07-15 14:52:20
ord_live_1292,mer_NSR_882910,cust_2292,Ishita Gupta,ishita.gupta292@example.test,+91-98XXXX1292,18327.0,INR,PAID,2026-08-01 23:31:56
ord_live_1293,mer_NSR_882910,cust_2293,Siddharth Nair,siddharth.nair293@example.test,+91-98XXXX1293,904.0,INR,PAID,2026-08-01 23:15:13
ord_live_1294,mer_NSR_882910,cust_2294,Amit Sharma,amit.sharma294@example.test,+91-98XXXX1294,1112.0,INR,PAID,2026-08-08 05:43:30
ord_live_1295,mer_NSR_882910,cust_2295,Siddharth Reddy,siddharth.reddy295@example.test,+91-98XXXX1295,319.0,INR,PAID,2026-07-27 13:56:16
ord_live_1296,mer_NSR_882910,cust_2296,Amit Kumar,amit.kumar296@example.test,+91-98XXXX1296,919.0,INR,PAID,2026-07-04 03:35:12
ord_live_1297,mer_NSR_882910,cust_2297,Amit Reddy,amit.reddy297@example.test,+91-98XXXX1297,890.0,INR,PAID,2026-08-01 23:48:35
ord_live_1298,mer_NSR_882910,cust_2298,Sneha Deshmukh,sneha.deshmukh298@example.test,+91-98XXXX1298,5893.0,INR,PAID,2026-07-08 12:25:23
ord_live_1299,mer_NSR_882910,cust_2299,Ishita Reddy,ishita.reddy299@example.test,+91-98XXXX1299,69477.0,INR,PAID,2026-07-09 15:38:32
ord_live_1300,mer_NSR_882910,cust_2300,Pooja Reddy,pooja.reddy300@example.test,+91-98XXXX1300,178.0,INR,PAID,2026-07-09 07:21:51
ord_live_1301,mer_NSR_882910,cust_2301,Aarav Reddy,aarav.reddy301@example.test,+91-98XXXX1301,18892.0,INR,PAID,2026-07-08 19:59:39
ord_live_1302,mer_NSR_882910,cust_2302,Ishita Iyer,ishita.iyer302@example.test,+91-98XXXX1302,1361.0,INR,PAID,2026-08-16 18:37:21
ord_live_1303,mer_NSR_882910,cust_2303,Aarav Agarwal,aarav.agarwal303@example.test,+91-98XXXX1303,17561.0,INR,PAID,2026-07-01 20:21:43
ord_live_1304,mer_NSR_882910,cust_2304,Rahul Kumar,rahul.kumar304@example.test,+91-98XXXX1304,2873.0,INR,PAID,2026-08-08 00:16:41
ord_live_1305,mer_NSR_882910,cust_2305,Aditya Agarwal,aditya.agarwal305@example.test,+91-98XXXX1305,1082.0,INR,PAID,2026-07-11 01:40:46
ord_live_1306,mer_NSR_882910,cust_2306,Pooja Iyer,pooja.iyer306@example.test,+91-98XXXX1306,35872.0,INR,PAID,2026-07-03 03:44:07
ord_live_1307,mer_NSR_882910,cust_2307,Neha Sharma,neha.sharma307@example.test,+91-98XXXX1307,956.0,INR,PAID,2026-07-09 22:44:13
ord_live_1308,mer_NSR_882910,cust_2308,Karan Reddy,karan.reddy308@example.test,+91-98XXXX1308,17453.0,INR,PAID,2026-08-17 08:03:45
ord_live_1309,mer_NSR_882910,cust_2309,Priya Reddy,priya.reddy309@example.test,+91-98XXXX1309,764.0,INR,PAID,2026-08-12 00:33:24
ord_live_1310,mer_NSR_882910,cust_2310,Ishita Iyer,ishita.iyer310@example.test,+91-98XXXX1310,19469.0,INR,PAID,2026-07-22 02:22:43
ord_live_1311,mer_NSR_882910,cust_2311,Sneha Deshmukh,sneha.deshmukh311@example.test,+91-98XXXX1311,10077.0,INR,PAID,2026-07-18 02:19:14
ord_live_1312,mer_NSR_882910,cust_2312,Siddharth Patel,siddharth.patel312@example.test,+91-98XXXX1312,18023.0,INR,PAID,2026-07-21 00:22:35
ord_live_1313,mer_NSR_882910,cust_2313,Sneha Patel,sneha.patel313@example.test,+91-98XXXX1313,1484.0,INR,PAID,2026-08-03 21:57:25
ord_live_1314,mer_NSR_882910,cust_2314,Amit Iyer,amit.iyer314@example.test,+91-98XXXX1314,688.0,INR,PAID,2026-08-14 11:22:59
ord_live_1315,mer_NSR_882910,cust_2315,Riya Joshi,riya.joshi315@example.test,+91-98XXXX1315,1080.0,INR,PAID,2026-07-13 15:52:34
ord_live_1316,mer_NSR_882910,cust_2316,Sneha Reddy,sneha.reddy316@example.test,+91-98XXXX1316,6498.0,INR,PAID,2026-07-07 04:47:37
ord_live_1317,mer_NSR_882910,cust_2317,Aditya Gupta,aditya.gupta317@example.test,+91-98XXXX1317,1952.0,INR,PAID,2026-08-02 16:40:14
ord_live_1318,mer_NSR_882910,cust_2318,Rohan Mehta,rohan.mehta318@example.test,+91-98XXXX1318,1568.0,INR,PAID,2026-07-30 12:43:49
ord_live_1319,mer_NSR_882910,cust_2319,Priya Sharma,priya.sharma319@example.test,+91-98XXXX1319,95702.0,INR,PAID,2026-07-27 05:59:56
ord_live_1320,mer_NSR_882910,cust_2320,Aarav Nair,aarav.nair320@example.test,+91-98XXXX1320,11412.0,INR,PAID,2026-07-20 18:41:03
ord_live_1321,mer_NSR_882910,cust_2321,Kavya Joshi,kavya.joshi321@example.test,+91-98XXXX1321,19535.0,INR,PAID,2026-08-17 08:54:59
ord_live_1322,mer_NSR_882910,cust_2322,Rohan Iyer,rohan.iyer322@example.test,+91-98XXXX1322,1814.0,INR,PAID,2026-07-11 10:53:25
ord_live_1323,mer_NSR_882910,cust_2323,Aarav Iyer,aarav.iyer323@example.test,+91-98XXXX1323,38970.0,INR,PAID,2026-07-02 09:19:36
ord_live_1324,mer_NSR_882910,cust_2324,Rahul Singh,rahul.singh324@example.test,+91-98XXXX1324,1412.0,INR,PAID,2026-08-04 01:31:56
ord_live_1325,mer_NSR_882910,cust_2325,Priya Reddy,priya.reddy325@example.test,+91-98XXXX1325,8318.0,INR,PAID,2026-07-07 19:10:46
ord_live_1326,mer_NSR_882910,cust_2326,Riya Joshi,riya.joshi326@example.test,+91-98XXXX1326,480.0,INR,PAID,2026-07-01 08:21:50
ord_live_1327,mer_NSR_882910,cust_2327,Siddharth Deshmukh,siddharth.deshmukh327@example.test,+91-98XXXX1327,8329.0,INR,PAID,2026-07-12 04:54:40
ord_live_1328,mer_NSR_882910,cust_2328,Pooja Kumar,pooja.kumar328@example.test,+91-98XXXX1328,4842.0,INR,PAID,2026-07-26 06:06:11
ord_live_1329,mer_NSR_882910,cust_2329,Priya Nair,priya.nair329@example.test,+91-98XXXX1329,607.0,INR,PAID,2026-06-30 17:24:15
ord_live_1330,mer_NSR_882910,cust_2330,Riya Patel,riya.patel330@example.test,+91-98XXXX1330,114577.0,INR,PAID,2026-08-07 08:36:00
ord_live_1331,mer_NSR_882910,cust_2331,Sneha Joshi,sneha.joshi331@example.test,+91-98XXXX1331,582.0,INR,PAID,2026-07-04 06:07:29
ord_live_1332,mer_NSR_882910,cust_2332,Siddharth Iyer,siddharth.iyer332@example.test,+91-98XXXX1332,1128.0,INR,PAID,2026-08-14 18:44:07
ord_live_1333,mer_NSR_882910,cust_2333,Siddharth Singh,siddharth.singh333@example.test,+91-98XXXX1333,9180.0,INR,PAID,2026-07-09 00:09:29
ord_live_1334,mer_NSR_882910,cust_2334,Amit Kumar,amit.kumar334@example.test,+91-98XXXX1334,17428.0,INR,PAID,2026-08-18 02:51:42
ord_live_1335,mer_NSR_882910,cust_2335,Neha Gupta,neha.gupta335@example.test,+91-98XXXX1335,4682.0,INR,PAID,2026-08-02 23:33:45
ord_live_1336,mer_NSR_882910,cust_2336,Amit Mehta,amit.mehta336@example.test,+91-98XXXX1336,27353.0,INR,PAID,2026-07-04 02:57:32
ord_live_1337,mer_NSR_882910,cust_2337,Neha Deshmukh,neha.deshmukh337@example.test,+91-98XXXX1337,7391.0,INR,PAID,2026-07-21 01:28:07
ord_live_1338,mer_NSR_882910,cust_2338,Neha Agarwal,neha.agarwal338@example.test,+91-98XXXX1338,4979.0,INR,PAID,2026-08-01 23:51:03
ord_live_1339,mer_NSR_882910,cust_2339,Riya Iyer,riya.iyer339@example.test,+91-98XXXX1339,16968.0,INR,PAID,2026-08-05 10:35:29
ord_live_1340,mer_NSR_882910,cust_2340,Siddharth Agarwal,siddharth.agarwal340@example.test,+91-98XXXX1340,620.0,INR,PAID,2026-07-01 08:13:37
ord_live_1341,mer_NSR_882910,cust_2341,Kavya Sharma,kavya.sharma341@example.test,+91-98XXXX1341,1533.0,INR,PAID,2026-07-05 02:03:59
ord_live_1342,mer_NSR_882910,cust_2342,Kavya Nair,kavya.nair342@example.test,+91-98XXXX1342,936.0,INR,PAID,2026-07-11 13:49:41
ord_live_1343,mer_NSR_882910,cust_2343,Karan Singh,karan.singh343@example.test,+91-98XXXX1343,125133.0,INR,PAID,2026-07-28 21:24:05
ord_live_1344,mer_NSR_882910,cust_2344,Priya Joshi,priya.joshi344@example.test,+91-98XXXX1344,27774.0,INR,PAID,2026-07-12 02:25:33
ord_live_1345,mer_NSR_882910,cust_2345,Priya Agarwal,priya.agarwal345@example.test,+91-98XXXX1345,75456.0,INR,PAID,2026-08-17 09:19:29
ord_live_1346,mer_NSR_882910,cust_2346,Karan Reddy,karan.reddy346@example.test,+91-98XXXX1346,569.0,INR,PAID,2026-07-15 23:22:09
ord_live_1347,mer_NSR_882910,cust_2347,Sneha Gupta,sneha.gupta347@example.test,+91-98XXXX1347,67515.0,INR,PAID,2026-08-17 12:02:51
ord_live_1348,mer_NSR_882910,cust_2348,Karan Deshmukh,karan.deshmukh348@example.test,+91-98XXXX1348,2512.0,INR,PAID,2026-07-15 15:04:06
ord_live_1349,mer_NSR_882910,cust_2349,Rohan Nair,rohan.nair349@example.test,+91-98XXXX1349,3595.0,INR,PAID,2026-07-16 08:02:25
ord_live_1350,mer_NSR_882910,cust_2350,Riya Gupta,riya.gupta350@example.test,+91-98XXXX1350,3849.0,INR,PAID,2026-07-09 01:18:14
ord_live_1351,mer_NSR_882910,cust_2351,Ishita Deshmukh,ishita.deshmukh351@example.test,+91-98XXXX1351,12507.0,INR,PAID,2026-07-15 18:56:09
ord_live_1352,mer_NSR_882910,cust_2352,Aditya Kumar,aditya.kumar352@example.test,+91-98XXXX1352,223.0,INR,PAID,2026-08-05 03:56:47
ord_live_1353,mer_NSR_882910,cust_2353,Vikram Joshi,vikram.joshi353@example.test,+91-98XXXX1353,18240.0,INR,PAID,2026-07-03 20:41:42
ord_live_1354,mer_NSR_882910,cust_2354,Pooja Reddy,pooja.reddy354@example.test,+91-98XXXX1354,951.0,INR,PAID,2026-07-26 13:19:24
ord_live_1355,mer_NSR_882910,cust_2355,Vikram Reddy,vikram.reddy355@example.test,+91-98XXXX1355,9384.0,INR,PAID,2026-07-20 07:09:51
ord_live_1356,mer_NSR_882910,cust_2356,Riya Sharma,riya.sharma356@example.test,+91-98XXXX1356,15648.0,INR,PAID,2026-08-05 01:08:24
ord_live_1357,mer_NSR_882910,cust_2357,Aditya Patel,aditya.patel357@example.test,+91-98XXXX1357,1423.0,INR,PAID,2026-07-05 23:54:23
ord_live_1358,mer_NSR_882910,cust_2358,Kavya Reddy,kavya.reddy358@example.test,+91-98XXXX1358,8241.0,INR,PAID,2026-07-03 17:24:43
ord_live_1359,mer_NSR_882910,cust_2359,Rohan Mehta,rohan.mehta359@example.test,+91-98XXXX1359,1658.0,INR,PAID,2026-08-07 08:42:35
ord_live_1360,mer_NSR_882910,cust_2360,Neha Nair,neha.nair360@example.test,+91-98XXXX1360,1956.0,INR,PAID,2026-07-21 18:58:00
ord_live_1361,mer_NSR_882910,cust_2361,Neha Gupta,neha.gupta361@example.test,+91-98XXXX1361,90377.0,INR,PAID,2026-08-17 00:58:15
ord_live_1362,mer_NSR_882910,cust_2362,Neha Kumar,neha.kumar362@example.test,+91-98XXXX1362,56181.0,INR,PAID,2026-07-20 18:24:29
ord_live_1363,mer_NSR_882910,cust_2363,Amit Patel,amit.patel363@example.test,+91-98XXXX1363,1149.0,INR,PAID,2026-07-31 23:06:51
ord_live_1364,mer_NSR_882910,cust_2364,Aarav Singh,aarav.singh364@example.test,+91-98XXXX1364,44294.0,INR,PAID,2026-07-20 22:02:36
ord_live_1365,mer_NSR_882910,cust_2365,Aditya Agarwal,aditya.agarwal365@example.test,+91-98XXXX1365,633.0,INR,PAID,2026-08-05 03:37:46
ord_live_1366,mer_NSR_882910,cust_2366,Karan Patel,karan.patel366@example.test,+91-98XXXX1366,774.0,INR,PAID,2026-07-14 21:36:53
ord_live_1367,mer_NSR_882910,cust_2367,Aditya Nair,aditya.nair367@example.test,+91-98XXXX1367,13061.0,INR,PAID,2026-07-17 00:46:41
ord_live_1368,mer_NSR_882910,cust_2368,Aarav Nair,aarav.nair368@example.test,+91-98XXXX1368,1727.0,INR,PAID,2026-07-22 14:08:46
ord_live_1369,mer_NSR_882910,cust_2369,Aarav Iyer,aarav.iyer369@example.test,+91-98XXXX1369,55529.0,INR,PAID,2026-08-10 10:33:02
ord_live_1370,mer_NSR_882910,cust_2370,Kavya Joshi,kavya.joshi370@example.test,+91-98XXXX1370,112.0,INR,PAID,2026-07-26 13:53:40
ord_live_1371,mer_NSR_882910,cust_2371,Aditya Mehta,aditya.mehta371@example.test,+91-98XXXX1371,2299.0,INR,PAID,2026-07-14 01:29:23
ord_live_1372,mer_NSR_882910,cust_2372,Rohan Deshmukh,rohan.deshmukh372@example.test,+91-98XXXX1372,17833.0,INR,PAID,2026-08-12 00:01:00
ord_live_1373,mer_NSR_882910,cust_2373,Karan Sharma,karan.sharma373@example.test,+91-98XXXX1373,1578.0,INR,PAID,2026-07-18 02:18:01
ord_live_1374,mer_NSR_882910,cust_2374,Karan Iyer,karan.iyer374@example.test,+91-98XXXX1374,296.0,INR,PAID,2026-08-02 13:15:12
ord_live_1375,mer_NSR_882910,cust_2375,Sneha Singh,sneha.singh375@example.test,+91-98XXXX1375,911.0,INR,PAID,2026-07-05 20:25:29
ord_live_1376,mer_NSR_882910,cust_2376,Aditya Agarwal,aditya.agarwal376@example.test,+91-98XXXX1376,1499.0,INR,PAID,2026-07-06 05:54:41
ord_live_1377,mer_NSR_882910,cust_2377,Rohan Mehta,rohan.mehta377@example.test,+91-98XXXX1377,871.0,INR,PAID,2026-08-05 00:03:40
ord_live_1378,mer_NSR_882910,cust_2378,Ananya Agarwal,ananya.agarwal378@example.test,+91-98XXXX1378,1122.0,INR,PAID,2026-07-28 05:50:21
ord_live_1379,mer_NSR_882910,cust_2379,Rahul Reddy,rahul.reddy379@example.test,+91-98XXXX1379,35057.0,INR,PAID,2026-07-14 07:56:36
ord_live_1380,mer_NSR_882910,cust_2380,Aarav Patel,aarav.patel380@example.test,+91-98XXXX1380,251.0,INR,PAID,2026-08-12 17:57:34
ord_live_1381,mer_NSR_882910,cust_2381,Rohan Iyer,rohan.iyer381@example.test,+91-98XXXX1381,40610.0,INR,PAID,2026-07-01 15:37:09
ord_live_1382,mer_NSR_882910,cust_2382,Pooja Mehta,pooja.mehta382@example.test,+91-98XXXX1382,1253.0,INR,PAID,2026-07-16 03:53:54
ord_live_1383,mer_NSR_882910,cust_2383,Pooja Joshi,pooja.joshi383@example.test,+91-98XXXX1383,41740.0,INR,PAID,2026-07-25 08:08:50
ord_live_1384,mer_NSR_882910,cust_2384,Kavya Reddy,kavya.reddy384@example.test,+91-98XXXX1384,13333.0,INR,PAID,2026-07-03 12:27:14
ord_live_1385,mer_NSR_882910,cust_2385,Kavya Singh,kavya.singh385@example.test,+91-98XXXX1385,14999.0,INR,PAID,2026-08-18 19:01:40
ord_live_1386,mer_NSR_882910,cust_2386,Sneha Nair,sneha.nair386@example.test,+91-98XXXX1386,13659.0,INR,PAID,2026-08-04 21:27:11
ord_live_1387,mer_NSR_882910,cust_2387,Pooja Mehta,pooja.mehta387@example.test,+91-98XXXX1387,11678.0,INR,PAID,2026-07-16 07:04:05
ord_live_1388,mer_NSR_882910,cust_2388,Sneha Iyer,sneha.iyer388@example.test,+91-98XXXX1388,1704.0,INR,PAID,2026-08-09 13:47:24
ord_live_1389,mer_NSR_882910,cust_2389,Ishita Singh,ishita.singh389@example.test,+91-98XXXX1389,109.0,INR,PAID,2026-07-19 23:23:48
ord_live_1390,mer_NSR_882910,cust_2390,Sneha Mehta,sneha.mehta390@example.test,+91-98XXXX1390,482.0,INR,PAID,2026-07-27 23:35:35
ord_live_1391,mer_NSR_882910,cust_2391,Karan Mehta,karan.mehta391@example.test,+91-98XXXX1391,823.0,INR,PAID,2026-08-04 11:38:38
ord_live_1392,mer_NSR_882910,cust_2392,Ishita Kumar,ishita.kumar392@example.test,+91-98XXXX1392,946.0,INR,PAID,2026-07-24 11:46:57
ord_live_1393,mer_NSR_882910,cust_2393,Aditya Deshmukh,aditya.deshmukh393@example.test,+91-98XXXX1393,14475.0,INR,PAID,2026-07-10 13:17:19
ord_live_1394,mer_NSR_882910,cust_2394,Sneha Nair,sneha.nair394@example.test,+91-98XXXX1394,441.0,INR,PAID,2026-07-27 17:26:19
ord_live_1395,mer_NSR_882910,cust_2395,Aarav Mehta,aarav.mehta395@example.test,+91-98XXXX1395,604.0,INR,PAID,2026-08-16 05:31:38
ord_live_1396,mer_NSR_882910,cust_2396,Neha Nair,neha.nair396@example.test,+91-98XXXX1396,722.0,INR,PAID,2026-06-30 21:21:53
ord_live_1397,mer_NSR_882910,cust_2397,Pooja Singh,pooja.singh397@example.test,+91-98XXXX1397,980.0,INR,PAID,2026-08-11 04:08:19
ord_live_1398,mer_NSR_882910,cust_2398,Ishita Deshmukh,ishita.deshmukh398@example.test,+91-98XXXX1398,33163.0,INR,PAID,2026-07-30 19:11:25
ord_live_1399,mer_NSR_882910,cust_2399,Ishita Patel,ishita.patel399@example.test,+91-98XXXX1399,18089.0,INR,PAID,2026-08-05 16:20:24
ord_live_1400,mer_NSR_882910,cust_2400,Sneha Kumar,sneha.kumar400@example.test,+91-98XXXX1400,1253.0,INR,PAID,2026-07-13 03:34:11
ord_live_1401,mer_NSR_882910,cust_2401,Ananya Agarwal,ananya.agarwal401@example.test,+91-98XXXX1401,8869.0,INR,PAID,2026-07-28 18:53:44
ord_live_1402,mer_NSR_882910,cust_2402,Kavya Kumar,kavya.kumar402@example.test,+91-98XXXX1402,6560.0,INR,PAID,2026-08-09 18:15:16
ord_live_1403,mer_NSR_882910,cust_2403,Priya Agarwal,priya.agarwal403@example.test,+91-98XXXX1403,871.0,INR,PAID,2026-07-04 23:38:30
ord_live_1404,mer_NSR_882910,cust_2404,Pooja Reddy,pooja.reddy404@example.test,+91-98XXXX1404,15706.0,INR,PAID,2026-08-03 10:50:23
ord_live_1405,mer_NSR_882910,cust_2405,Kavya Mehta,kavya.mehta405@example.test,+91-98XXXX1405,13632.0,INR,PAID,2026-07-11 05:39:02
ord_live_1406,mer_NSR_882910,cust_2406,Pooja Singh,pooja.singh406@example.test,+91-98XXXX1406,131421.0,INR,PAID,2026-07-06 09:06:16
ord_live_1407,mer_NSR_882910,cust_2407,Aditya Reddy,aditya.reddy407@example.test,+91-98XXXX1407,9242.0,INR,PAID,2026-07-28 20:25:29
ord_live_1408,mer_NSR_882910,cust_2408,Priya Singh,priya.singh408@example.test,+91-98XXXX1408,138278.0,INR,PAID,2026-07-06 18:26:58
ord_live_1409,mer_NSR_882910,cust_2409,Kavya Mehta,kavya.mehta409@example.test,+91-98XXXX1409,67851.0,INR,PAID,2026-07-09 20:19:21
ord_live_1410,mer_NSR_882910,cust_2410,Riya Gupta,riya.gupta410@example.test,+91-98XXXX1410,13413.0,INR,PAID,2026-07-30 12:28:46
ord_live_1411,mer_NSR_882910,cust_2411,Riya Singh,riya.singh411@example.test,+91-98XXXX1411,190.0,INR,PAID,2026-08-14 12:01:54
ord_live_1412,mer_NSR_882910,cust_2412,Ishita Joshi,ishita.joshi412@example.test,+91-98XXXX1412,1737.0,INR,PAID,2026-07-11 08:15:33
ord_live_1413,mer_NSR_882910,cust_2413,Vikram Reddy,vikram.reddy413@example.test,+91-98XXXX1413,1245.0,INR,PAID,2026-07-27 23:14:51
ord_live_1414,mer_NSR_882910,cust_2414,Pooja Joshi,pooja.joshi414@example.test,+91-98XXXX1414,1410.0,INR,PAID,2026-08-11 22:25:01
ord_live_1415,mer_NSR_882910,cust_2415,Neha Nair,neha.nair415@example.test,+91-98XXXX1415,14741.0,INR,PAID,2026-07-01 07:13:13
ord_live_1416,mer_NSR_882910,cust_2416,Sneha Agarwal,sneha.agarwal416@example.test,+91-98XXXX1416,24100.0,INR,PAID,2026-08-05 12:51:55
ord_live_1417,mer_NSR_882910,cust_2417,Vikram Singh,vikram.singh417@example.test,+91-98XXXX1417,1036.0,INR,PAID,2026-07-07 17:42:55
ord_live_1418,mer_NSR_882910,cust_2418,Aarav Reddy,aarav.reddy418@example.test,+91-98XXXX1418,116079.0,INR,PAID,2026-08-07 21:39:25
ord_live_1419,mer_NSR_882910,cust_2419,Rahul Singh,rahul.singh419@example.test,+91-98XXXX1419,1036.0,INR,PAID,2026-08-08 14:52:43
ord_live_1420,mer_NSR_882910,cust_2420,Siddharth Deshmukh,siddharth.deshmukh420@example.test,+91-98XXXX1420,6389.0,INR,PAID,2026-07-20 12:15:19
ord_live_1421,mer_NSR_882910,cust_2421,Rahul Iyer,rahul.iyer421@example.test,+91-98XXXX1421,388.0,INR,PAID,2026-08-01 21:26:38
ord_live_1422,mer_NSR_882910,cust_2422,Priya Deshmukh,priya.deshmukh422@example.test,+91-98XXXX1422,479.0,INR,PAID,2026-08-01 05:34:44
ord_live_1423,mer_NSR_882910,cust_2423,Vikram Reddy,vikram.reddy423@example.test,+91-98XXXX1423,690.0,INR,PAID,2026-07-08 14:20:53
ord_live_1424,mer_NSR_882910,cust_2424,Riya Deshmukh,riya.deshmukh424@example.test,+91-98XXXX1424,834.0,INR,PAID,2026-07-01 00:08:12
ord_live_1425,mer_NSR_882910,cust_2425,Pooja Reddy,pooja.reddy425@example.test,+91-98XXXX1425,18219.0,INR,PAID,2026-07-27 06:31:26
ord_live_1426,mer_NSR_882910,cust_2426,Riya Nair,riya.nair426@example.test,+91-98XXXX1426,1256.0,INR,PAID,2026-07-01 16:18:02
ord_live_1427,mer_NSR_882910,cust_2427,Sneha Gupta,sneha.gupta427@example.test,+91-98XXXX1427,7511.0,INR,PAID,2026-08-18 23:36:47
ord_live_1428,mer_NSR_882910,cust_2428,Aarav Reddy,aarav.reddy428@example.test,+91-98XXXX1428,5742.0,INR,PAID,2026-07-18 02:52:23
ord_live_1429,mer_NSR_882910,cust_2429,Rohan Agarwal,rohan.agarwal429@example.test,+91-98XXXX1429,546.0,INR,PAID,2026-07-27 12:47:53
ord_live_1430,mer_NSR_882910,cust_2430,Aditya Patel,aditya.patel430@example.test,+91-98XXXX1430,22112.0,INR,PAID,2026-07-28 17:22:55
ord_live_1431,mer_NSR_882910,cust_2431,Kavya Nair,kavya.nair431@example.test,+91-98XXXX1431,27693.0,INR,PAID,2026-08-18 16:13:51
ord_live_1432,mer_NSR_882910,cust_2432,Amit Agarwal,amit.agarwal432@example.test,+91-98XXXX1432,16030.0,INR,PAID,2026-07-11 04:08:50
ord_live_1433,mer_NSR_882910,cust_2433,Neha Gupta,neha.gupta433@example.test,+91-98XXXX1433,57360.0,INR,PAID,2026-07-23 02:17:38
ord_live_1434,mer_NSR_882910,cust_2434,Vikram Singh,vikram.singh434@example.test,+91-98XXXX1434,113357.0,INR,PAID,2026-07-19 03:17:54
ord_live_1435,mer_NSR_882910,cust_2435,Rahul Iyer,rahul.iyer435@example.test,+91-98XXXX1435,128949.0,INR,PAID,2026-07-03 17:55:41
ord_live_1436,mer_NSR_882910,cust_2436,Priya Agarwal,priya.agarwal436@example.test,+91-98XXXX1436,36362.0,INR,PAID,2026-07-10 07:20:53
ord_live_1437,mer_NSR_882910,cust_2437,Aditya Joshi,aditya.joshi437@example.test,+91-98XXXX1437,390.0,INR,PAID,2026-08-06 05:17:40
ord_live_1438,mer_NSR_882910,cust_2438,Karan Kumar,karan.kumar438@example.test,+91-98XXXX1438,5050.0,INR,PAID,2026-07-26 01:47:17
ord_live_1439,mer_NSR_882910,cust_2439,Amit Nair,amit.nair439@example.test,+91-98XXXX1439,117899.0,INR,PAID,2026-08-06 09:55:49
ord_live_1440,mer_NSR_882910,cust_2440,Kavya Agarwal,kavya.agarwal440@example.test,+91-98XXXX1440,121953.0,INR,PAID,2026-07-05 02:25:13
ord_live_1441,mer_NSR_882910,cust_2441,Karan Gupta,karan.gupta441@example.test,+91-98XXXX1441,12579.0,INR,PAID,2026-07-18 19:35:36
ord_live_1442,mer_NSR_882910,cust_2442,Priya Deshmukh,priya.deshmukh442@example.test,+91-98XXXX1442,71662.0,INR,PAID,2026-07-22 06:48:03
ord_live_1443,mer_NSR_882910,cust_2443,Rohan Mehta,rohan.mehta443@example.test,+91-98XXXX1443,17059.0,INR,PAID,2026-07-01 12:59:54
ord_live_1444,mer_NSR_882910,cust_2444,Vikram Nair,vikram.nair444@example.test,+91-98XXXX1444,16018.0,INR,PAID,2026-07-13 07:58:08
ord_live_1445,mer_NSR_882910,cust_2445,Siddharth Iyer,siddharth.iyer445@example.test,+91-98XXXX1445,37958.0,INR,PAID,2026-07-06 05:23:16
ord_live_1446,mer_NSR_882910,cust_2446,Kavya Singh,kavya.singh446@example.test,+91-98XXXX1446,7423.0,INR,PAID,2026-07-03 21:40:19
ord_live_1447,mer_NSR_882910,cust_2447,Aditya Kumar,aditya.kumar447@example.test,+91-98XXXX1447,5118.0,INR,PAID,2026-06-30 15:30:04
ord_live_1448,mer_NSR_882910,cust_2448,Priya Deshmukh,priya.deshmukh448@example.test,+91-98XXXX1448,1491.0,INR,PAID,2026-07-28 09:00:44
ord_live_1449,mer_NSR_882910,cust_2449,Ishita Mehta,ishita.mehta449@example.test,+91-98XXXX1449,130354.0,INR,PAID,2026-08-13 13:30:04
ord_live_1450,mer_NSR_882910,cust_2450,Aditya Kumar,aditya.kumar450@example.test,+91-98XXXX1450,1749.0,INR,PAID,2026-07-06 12:20:23
ord_live_1451,mer_NSR_882910,cust_2451,Siddharth Iyer,siddharth.iyer451@example.test,+91-98XXXX1451,1764.0,INR,PAID,2026-08-17 13:41:43
ord_live_1452,mer_NSR_882910,cust_2452,Priya Mehta,priya.mehta452@example.test,+91-98XXXX1452,2277.0,INR,PAID,2026-08-09 05:10:28
ord_live_1453,mer_NSR_882910,cust_2453,Amit Agarwal,amit.agarwal453@example.test,+91-98XXXX1453,1631.0,INR,PAID,2026-07-09 22:39:43
ord_live_1454,mer_NSR_882910,cust_2454,Riya Gupta,riya.gupta454@example.test,+91-98XXXX1454,304.0,INR,PAID,2026-07-08 12:37:46
ord_live_1455,mer_NSR_882910,cust_2455,Pooja Singh,pooja.singh455@example.test,+91-98XXXX1455,116223.0,INR,PAID,2026-08-19 13:15:17
ord_live_1456,mer_NSR_882910,cust_2456,Kavya Gupta,kavya.gupta456@example.test,+91-98XXXX1456,11336.0,INR,PAID,2026-08-19 07:01:54
ord_live_1457,mer_NSR_882910,cust_2457,Siddharth Gupta,siddharth.gupta457@example.test,+91-98XXXX1457,18696.0,INR,PAID,2026-07-13 08:25:18
ord_live_1458,mer_NSR_882910,cust_2458,Rohan Gupta,rohan.gupta458@example.test,+91-98XXXX1458,5694.0,INR,PAID,2026-07-16 00:40:38
ord_live_1459,mer_NSR_882910,cust_2459,Kavya Reddy,kavya.reddy459@example.test,+91-98XXXX1459,20790.0,INR,PAID,2026-07-23 19:08:24
ord_live_1460,mer_NSR_882910,cust_2460,Karan Singh,karan.singh460@example.test,+91-98XXXX1460,7661.0,INR,PAID,2026-08-18 00:49:04
ord_live_1461,mer_NSR_882910,cust_2461,Ananya Deshmukh,ananya.deshmukh461@example.test,+91-98XXXX1461,635.0,INR,PAID,2026-07-13 10:59:03
ord_live_1462,mer_NSR_882910,cust_2462,Pooja Reddy,pooja.reddy462@example.test,+91-98XXXX1462,1558.0,INR,PAID,2026-08-01 22:27:44
ord_live_1463,mer_NSR_882910,cust_2463,Pooja Mehta,pooja.mehta463@example.test,+91-98XXXX1463,19617.0,INR,PAID,2026-08-08 13:17:05
ord_live_1464,mer_NSR_882910,cust_2464,Siddharth Mehta,siddharth.mehta464@example.test,+91-98XXXX1464,8658.0,INR,PAID,2026-07-10 02:20:25
ord_live_1465,mer_NSR_882910,cust_2465,Kavya Patel,kavya.patel465@example.test,+91-98XXXX1465,9819.0,INR,PAID,2026-07-03 16:05:59
ord_live_1466,mer_NSR_882910,cust_2466,Karan Mehta,karan.mehta466@example.test,+91-98XXXX1466,3803.0,INR,PAID,2026-07-20 06:47:42
ord_live_1467,mer_NSR_882910,cust_2467,Vikram Mehta,vikram.mehta467@example.test,+91-98XXXX1467,380.0,INR,PAID,2026-08-13 09:10:31
ord_live_1468,mer_NSR_882910,cust_2468,Amit Reddy,amit.reddy468@example.test,+91-98XXXX1468,10495.0,INR,PAID,2026-07-10 20:08:47
ord_live_1469,mer_NSR_882910,cust_2469,Sneha Agarwal,sneha.agarwal469@example.test,+91-98XXXX1469,70556.0,INR,PAID,2026-07-01 19:51:27
ord_live_1470,mer_NSR_882910,cust_2470,Sneha Reddy,sneha.reddy470@example.test,+91-98XXXX1470,1557.0,INR,PAID,2026-08-06 05:04:31
ord_live_1471,mer_NSR_882910,cust_2471,Riya Reddy,riya.reddy471@example.test,+91-98XXXX1471,1122.0,INR,PAID,2026-08-05 14:23:10
ord_live_1472,mer_NSR_882910,cust_2472,Sneha Mehta,sneha.mehta472@example.test,+91-98XXXX1472,64179.0,INR,PAID,2026-08-15 12:14:47
ord_live_1473,mer_NSR_882910,cust_2473,Ananya Sharma,ananya.sharma473@example.test,+91-98XXXX1473,20805.0,INR,PAID,2026-07-15 10:30:23
ord_live_1474,mer_NSR_882910,cust_2474,Pooja Iyer,pooja.iyer474@example.test,+91-98XXXX1474,1855.0,INR,PAID,2026-07-03 02:51:58
ord_live_1475,mer_NSR_882910,cust_2475,Karan Gupta,karan.gupta475@example.test,+91-98XXXX1475,951.0,INR,PAID,2026-08-15 19:17:52
ord_live_1476,mer_NSR_882910,cust_2476,Kavya Deshmukh,kavya.deshmukh476@example.test,+91-98XXXX1476,1127.0,INR,PAID,2026-08-12 10:11:14
ord_live_1477,mer_NSR_882910,cust_2477,Rohan Kumar,rohan.kumar477@example.test,+91-98XXXX1477,1051.0,INR,PAID,2026-07-18 18:20:05
ord_live_1478,mer_NSR_882910,cust_2478,Riya Sharma,riya.sharma478@example.test,+91-98XXXX1478,696.0,INR,PAID,2026-08-05 18:47:39
ord_live_1479,mer_NSR_882910,cust_2479,Aditya Nair,aditya.nair479@example.test,+91-98XXXX1479,1109.0,INR,PAID,2026-08-18 15:46:57
ord_live_1480,mer_NSR_882910,cust_2480,Aditya Iyer,aditya.iyer480@example.test,+91-98XXXX1480,938.0,INR,PAID,2026-07-01 16:34:22
ord_live_1481,mer_NSR_882910,cust_2481,Ananya Singh,ananya.singh481@example.test,+91-98XXXX1481,1445.0,INR,PAID,2026-07-25 08:46:19
ord_live_1482,mer_NSR_882910,cust_2482,Rahul Gupta,rahul.gupta482@example.test,+91-98XXXX1482,9804.0,INR,PAID,2026-07-27 00:03:09
ord_live_1483,mer_NSR_882910,cust_2483,Sneha Mehta,sneha.mehta483@example.test,+91-98XXXX1483,573.0,INR,PAID,2026-08-02 22:44:57
ord_live_1484,mer_NSR_882910,cust_2484,Amit Nair,amit.nair484@example.test,+91-98XXXX1484,86129.0,INR,PAID,2026-08-06 12:32:08
ord_live_1485,mer_NSR_882910,cust_2485,Pooja Mehta,pooja.mehta485@example.test,+91-98XXXX1485,4040.0,INR,PAID,2026-07-28 06:08:15
ord_live_1486,mer_NSR_882910,cust_2486,Siddharth Patel,siddharth.patel486@example.test,+91-98XXXX1486,72482.0,INR,PAID,2026-07-26 07:53:47
ord_live_1487,mer_NSR_882910,cust_2487,Ishita Singh,ishita.singh487@example.test,+91-98XXXX1487,9654.0,INR,PAID,2026-07-04 15:08:49
ord_live_1488,mer_NSR_882910,cust_2488,Rahul Iyer,rahul.iyer488@example.test,+91-98XXXX1488,1019.0,INR,PAID,2026-07-29 19:26:07
ord_live_1489,mer_NSR_882910,cust_2489,Amit Gupta,amit.gupta489@example.test,+91-98XXXX1489,17182.0,INR,PAID,2026-07-16 12:05:10
ord_live_1490,mer_NSR_882910,cust_2490,Siddharth Agarwal,siddharth.agarwal490@example.test,+91-98XXXX1490,3321.0,INR,PAID,2026-07-13 19:09:05
ord_live_1491,mer_NSR_882910,cust_2491,Aditya Singh,aditya.singh491@example.test,+91-98XXXX1491,199.0,INR,PAID,2026-08-12 18:16:52
ord_live_1492,mer_NSR_882910,cust_2492,Vikram Sharma,vikram.sharma492@example.test,+91-98XXXX1492,134271.0,INR,PAID,2026-08-05 08:35:15
ord_live_1493,mer_NSR_882910,cust_2493,Rahul Nair,rahul.nair493@example.test,+91-98XXXX1493,1724.0,INR,PAID,2026-07-08 12:00:03
ord_live_1494,mer_NSR_882910,cust_2494,Aditya Iyer,aditya.iyer494@example.test,+91-98XXXX1494,919.0,INR,PAID,2026-07-24 06:40:41
ord_live_1495,mer_NSR_882910,cust_2495,Kavya Deshmukh,kavya.deshmukh495@example.test,+91-98XXXX1495,4457.0,INR,PAID,2026-07-01 11:12:57
ord_live_1496,mer_NSR_882910,cust_2496,Riya Iyer,riya.iyer496@example.test,+91-98XXXX1496,1834.0,INR,PAID,2026-07-21 12:02:29
ord_live_1497,mer_NSR_882910,cust_2497,Rohan Iyer,rohan.iyer497@example.test,+91-98XXXX1497,48387.0,INR,PAID,2026-08-15 21:31:01
ord_live_1498,mer_NSR_882910,cust_2498,Pooja Joshi,pooja.joshi498@example.test,+91-98XXXX1498,823.0,INR,PAID,2026-07-13 14:17:17
ord_live_1499,mer_NSR_882910,cust_2499,Riya Iyer,riya.iyer499@example.test,+91-98XXXX1499,1367.0,INR,PAID,2026-08-08 16:41:18
ord_live_1500,mer_NSR_882910,cust_2500,Aarav Kumar,aarav.kumar500@example.test,+91-98XXXX1500,51393.0,INR,PAID,2026-07-03 11:17:24
