payment_id,order_id,payment_method,payment_amount,fee_amount,tax_amount,status,gateway_ref,transaction_time,settlement_status
pay_NSR_1001,ord_live_1001,UPI,10024.0,0.0,0.0,CAPTURED,gtw_ref_pay_NSR_1001,2026-07-14 13:49:06,SETTLED
pay_NSR_1002,ord_live_1001,UPI,10024.0,0.0,0.0,CAPTURED,gtw_ref_pay_NSR_1002,2026-07-14 13:59:06,SETTLED
pay_NSR_1003,ord_live_1002,CARD,160.0,3.2,0.58,CAPTURED,gtw_ref_pay_NSR_1003,2026-07-05 15:18:32,SETTLED
pay_NSR_1004,ord_live_1002,CARD,160.0,3.2,0.58,CAPTURED,gtw_ref_pay_NSR_1004,2026-07-05 15:25:32,SETTLED
pay_NSR_1005,ord_live_1003,CARD,1429.0,28.58,5.14,CAPTURED,gtw_ref_pay_NSR_1005,2026-08-14 02:29:14,SETTLED
pay_NSR_1006,ord_live_1003,CARD,1429.0,28.58,5.14,CAPTURED,gtw_ref_pay_NSR_1006,2026-08-14 02:39:14,SETTLED
pay_NSR_1007,ord_live_1004,UPI,1879.0,0.0,0.0,CAPTURED,gtw_ref_pay_NSR_1007,2026-06-30 14:45:27,SETTLED
pay_NSR_1008,ord_live_1004,UPI,1879.0,0.0,0.0,CAPTURED,gtw_ref_pay_NSR_1008,2026-06-30 14:52:27,SETTLED
pay_NSR_1009,ord_live_1005,UPI,1662.0,0.0,0.0,CAPTURED,gtw_ref_pay_NSR_1009,2026-07-21 12:08:24,SETTLED
pay_NSR_1010,ord_live_1005,UPI,1662.0,0.0,0.0,CAPTURED,gtw_ref_pay_NSR_1010,2026-07-21 12:10:24,SETTLED
pay_NSR_1011,ord_live_1006,UPI,59565.0,0.0,0.0,CAPTURED,gtw_ref_pay_NSR_1011,2026-07-16 10:51:29,SETTLED
pay_NSR_1012,ord_live_1006,UPI,59565.0,0.0,0.0,CAPTURED,gtw_ref_pay_NSR_1012,2026-07-16 10:56:29,SETTLED
pay_NSR_1013,ord_live_1007,UPI,699.0,0.0,0.0,CAPTURED,gtw_ref_pay_NSR_1013,2026-08-10 04:58:55,SETTLED
pay_NSR_1014,ord_live_1007,UPI,699.0,0.0,0.0,CAPTURED,gtw_ref_pay_NSR_1014,2026-08-10 05:04:55,SETTLED
pay_NSR_1015,ord_live_1008,CARD,241.0,4.82,0.87,CAPTURED,gtw_ref_pay_NSR_1015,2026-07-03 06:16:49,SETTLED
pay_NSR_1016,ord_live_1008,CARD,241.0,4.82,0.87,CAPTURED,gtw_ref_pay_NSR_1016,2026-07-03 06:24:49,SETTLED
pay_NSR_1017,ord_live_1009,UPI,26619.0,0.0,0.0,CAPTURED,gtw_ref_pay_NSR_1017,2026-07-24 17:34:40,SETTLED
pay_NSR_1018,ord_live_1009,UPI,26619.0,0.0,0.0,CAPTURED,gtw_ref_pay_NSR_1018,2026-07-24 17:41:40,SETTLED
pay_NSR_1019,ord_live_1010,UPI,528.0,0.0,0.0,CAPTURED,gtw_ref_pay_NSR_1019,2026-08-11 17:47:59,SETTLED
pay_NSR_1020,ord_live_1010,UPI,528.0,0.0,0.0,CAPTURED,gtw_ref_pay_NSR_1020,2026-08-11 17:51:59,SETTLED
pay_NSR_1021,ord_live_1011,NET_BANKING,19502.0,15.0,2.7,CAPTURED,gtw_ref_pay_NSR_1021,2026-08-15 16:14:29,SETTLED
pay_NSR_1022,ord_live_1011,NET_BANKING,19502.0,15.0,2.7,CAPTURED,gtw_ref_pay_NSR_1022,2026-08-15 16:24:29,SETTLED
pay_NSR_1023,ord_live_1012,UPI,148001.0,0.0,0.0,CAPTURED,gtw_ref_pay_NSR_1023,2026-07-15 06:21:53,SETTLED
pay_NSR_1024,ord_live_1012,UPI,148001.0,0.0,0.0,CAPTURED,gtw_ref_pay_NSR_1024,2026-07-15 06:23:53,SETTLED
pay_NSR_1025,ord_live_1013,UPI,72759.0,0.0,0.0,CAPTURED,gtw_ref_pay_NSR_1025,2026-07-20 21:22:04,SETTLED
pay_NSR_1026,ord_live_1013,UPI,72759.0,0.0,0.0,CAPTURED,gtw_ref_pay_NSR_1026,2026-07-20 21:31:04,SETTLED
pay_NSR_1027,ord_live_1014,NET_BANKING,40622.0,15.0,2.7,CAPTURED,gtw_ref_pay_NSR_1027,2026-07-14 05:33:25,SETTLED
pay_NSR_1028,ord_live_1014,NET_BANKING,40622.0,15.0,2.7,CAPTURED,gtw_ref_pay_NSR_1028,2026-07-14 05:37:25,SETTLED
pay_NSR_1029,ord_live_1015,NET_BANKING,604.0,15.0,2.7,CAPTURED,gtw_ref_pay_NSR_1029,2026-08-17 02:37:16,SETTLED
pay_NSR_1030,ord_live_1015,NET_BANKING,604.0,15.0,2.7,CAPTURED,gtw_ref_pay_NSR_1030,2026-08-17 02:39:16,SETTLED
pay_NSR_1031,ord_live_1016,CARD,548.0,10.96,1.97,CAPTURED,gtw_ref_pay_NSR_1031,2026-07-09 01:33:05,SETTLED
pay_NSR_1032,ord_live_1016,CARD,548.0,10.96,1.97,CAPTURED,gtw_ref_pay_NSR_1032,2026-07-09 01:36:05,SETTLED
pay_NSR_1033,ord_live_1017,WALLET,426.0,6.39,1.15,CAPTURED,gtw_ref_pay_NSR_1033,2026-08-20 06:30:38,SETTLED
pay_NSR_1034,ord_live_1017,WALLET,426.0,6.39,1.15,CAPTURED,gtw_ref_pay_NSR_1034,2026-08-20 06:38:38,SETTLED
pay_NSR_1035,ord_live_1018,UPI,1057.0,0.0,0.0,CAPTURED,gtw_ref_pay_NSR_1035,2026-08-02 17:38:55,SETTLED
pay_NSR_1036,ord_live_1018,UPI,1057.0,0.0,0.0,CAPTURED,gtw_ref_pay_NSR_1036,2026-08-02 17:42:55,SETTLED
pay_NSR_1037,ord_live_1019,CARD,19595.0,391.9,70.54,CAPTURED,gtw_ref_pay_NSR_1037,2026-08-17 17:53:41,SETTLED
pay_NSR_1038,ord_live_1019,CARD,19595.0,391.9,70.54,CAPTURED,gtw_ref_pay_NSR_1038,2026-08-17 18:00:41,SETTLED
pay_NSR_1039,ord_live_1020,CARD,422.0,8.44,1.52,CAPTURED,gtw_ref_pay_NSR_1039,2026-07-29 09:51:56,SETTLED
pay_NSR_1040,ord_live_1020,CARD,422.0,8.44,1.52,CAPTURED,gtw_ref_pay_NSR_1040,2026-07-29 09:58:56,SETTLED
pay_NSR_1041,ord_live_1021,NET_BANKING,13044.5,15.0,2.7,CAPTURED,gtw_ref_pay_NSR_1041,2026-07-07 05:26:53,SETTLED
pay_NSR_1042,ord_live_1022,UPI,300.3,0.0,0.0,CAPTURED,gtw_ref_pay_NSR_1042,2026-08-04 01:59:00,SETTLED
pay_NSR_1043,ord_live_1023,NET_BANKING,589.4,15.0,2.7,CAPTURED,gtw_ref_pay_NSR_1043,2026-07-19 16:13:15,SETTLED
pay_NSR_1044,ord_live_1024,CARD,2986.9,59.74,10.75,CAPTURED,gtw_ref_pay_NSR_1044,2026-08-18 02:59:08,SETTLED
pay_NSR_1045,ord_live_1025,UPI,5187.0,0.0,0.0,CAPTURED,gtw_ref_pay_NSR_1045,2026-07-17 02:03:38,SETTLED
pay_NSR_1046,ord_live_1026,CARD,48647.9,972.96,175.13,CAPTURED,gtw_ref_pay_NSR_1046,2026-08-16 07:16:45,SETTLED
pay_NSR_1047,ord_live_1027,UPI,86761.5,0.0,0.0,CAPTURED,gtw_ref_pay_NSR_1047,2026-07-29 01:30:07,SETTLED
pay_NSR_1048,ord_live_1028,UPI,99.4,0.0,0.0,CAPTURED,gtw_ref_pay_NSR_1048,2026-08-07 02:19:37,SETTLED
pay_NSR_1049,ord_live_1029,CARD,973.7,19.47,3.5,CAPTURED,gtw_ref_pay_NSR_1049,2026-07-03 16:10:57,SETTLED
pay_NSR_1050,ord_live_1030,CARD,410.2,8.2,1.48,CAPTURED,gtw_ref_pay_NSR_1050,2026-07-18 06:32:13,SETTLED
pay_NSR_1051,ord_live_1031,CARD,40196.1,803.92,144.71,CAPTURED,gtw_ref_pay_NSR_1051,2026-08-06 00:18:50,SETTLED
pay_NSR_1052,ord_live_1032,NET_BANKING,207.9,15.0,2.7,CAPTURED,gtw_ref_pay_NSR_1052,2026-08-11 22:28:27,SETTLED
pay_NSR_1053,ord_live_1033,UPI,16485.0,0.0,0.0,CAPTURED,gtw_ref_pay_NSR_1053,2026-08-13 05:49:06,SETTLED
pay_NSR_1054,ord_live_1034,UPI,3906.0,0.0,0.0,CAPTURED,gtw_ref_pay_NSR_1054,2026-07-15 15:14:34,SETTLED
pay_NSR_1055,ord_live_1035,UPI,468.3,0.0,0.0,CAPTURED,gtw_ref_pay_NSR_1055,2026-07-29 17:00:59,SETTLED
pay_NSR_1056,ord_live_1036,UPI,56566.0,0.0,0.0,CAPTURED,gtw_ref_pay_NSR_1056,2026-07-06 10:48:34,SETTLED
pay_NSR_1057,ord_live_1037,UPI,35991.0,0.0,0.0,CAPTURED,gtw_ref_pay_NSR_1057,2026-07-10 22:33:30,SETTLED
pay_NSR_1058,ord_live_1038,WALLET,31289.0,469.33,84.48,CAPTURED,gtw_ref_pay_NSR_1058,2026-07-24 09:32:16,SETTLED
pay_NSR_1059,ord_live_1039,WALLET,2095.0,31.42,5.66,CAPTURED,gtw_ref_pay_NSR_1059,2026-08-20 02:45:45,SETTLED
pay_NSR_1060,ord_live_1040,UPI,1044.0,0.0,0.0,CAPTURED,gtw_ref_pay_NSR_1060,2026-07-04 03:49:34,SETTLED
pay_NSR_1061,ord_live_1041,WALLET,701.0,10.51,1.89,CAPTURED,gtw_ref_pay_NSR_1061,2026-08-07 00:39:58,SETTLED
pay_NSR_1062,ord_live_1042,UPI,86001.0,0.0,0.0,CAPTURED,gtw_ref_pay_NSR_1062,2026-07-11 11:43:04,SETTLED
pay_NSR_1063,ord_live_1043,UPI,2422.0,0.0,0.0,CAPTURED,gtw_ref_pay_NSR_1063,2026-08-05 16:44:38,SETTLED
pay_NSR_1064,ord_live_1044,NET_BANKING,1945.0,15.0,2.7,CAPTURED,gtw_ref_pay_NSR_1064,2026-08-07 03:36:20,SETTLED
pay_NSR_1065,ord_live_1045,UPI,12795.0,0.0,0.0,CAPTURED,gtw_ref_pay_NSR_1065,2026-07-15 17:27:08,SETTLED
pay_NSR_1066,ord_live_1076,UPI,401.0,0.0,0.0,CAPTURED,gtw_ref_pay_NSR_1066,2026-08-11 07:07:57,PENDING
pay_NSR_1067,ord_live_1077,WALLET,1745.0,26.18,4.71,CAPTURED,gtw_ref_pay_NSR_1067,2026-08-14 01:32:03,PENDING
pay_NSR_1068,ord_live_1078,UPI,17225.0,0.0,0.0,CAPTURED,gtw_ref_pay_NSR_1068,2026-08-12 01:37:38,PENDING
pay_NSR_1069,ord_live_1079,UPI,18540.0,0.0,0.0,CAPTURED,gtw_ref_pay_NSR_1069,2026-07-28 02:35:57,PENDING
pay_NSR_1070,ord_live_1080,UPI,49495.0,0.0,0.0,CAPTURED,gtw_ref_pay_NSR_1070,2026-07-16 16:58:40,PENDING
pay_NSR_1071,ord_live_1081,UPI,9839.0,0.0,0.0,CAPTURED,gtw_ref_pay_NSR_1071,2026-07-17 23:05:45,PENDING
pay_NSR_1072,ord_live_1082,CARD,753.0,15.06,2.71,CAPTURED,gtw_ref_pay_NSR_1072,2026-08-03 11:15:09,PENDING
pay_NSR_1073,ord_live_1083,UPI,9010.0,0.0,0.0,CAPTURED,gtw_ref_pay_NSR_1073,2026-07-04 22:29:21,PENDING
pay_NSR_1074,ord_live_1084,CARD,1804.0,36.08,6.49,CAPTURED,gtw_ref_pay_NSR_1074,2026-07-26 21:59:49,PENDING
pay_NSR_1075,ord_live_1085,CARD,111.0,2.22,0.4,CAPTURED,gtw_ref_pay_NSR_1075,2026-07-22 18:50:24,PENDING
pay_NSR_1076,ord_live_1086,NET_BANKING,19895.0,15.0,2.7,CAPTURED,gtw_ref_pay_NSR_1076,2026-08-07 16:37:14,PENDING
pay_NSR_1077,ord_live_1087,UPI,14742.0,0.0,0.0,CAPTURED,gtw_ref_pay_NSR_1077,2026-07-22 06:51:51,PENDING
pay_NSR_1078,ord_live_1088,CARD,1056.0,21.12,3.8,CAPTURED,gtw_ref_pay_NSR_1078,2026-07-09 04:35:01,PENDING
pay_NSR_1079,ord_live_1089,UPI,2888.0,0.0,0.0,CAPTURED,gtw_ref_pay_NSR_1079,2026-07-06 05:30:08,PENDING
pay_NSR_1080,ord_live_1090,CARD,875.0,17.5,3.15,CAPTURED,gtw_ref_pay_NSR_1080,2026-07-20 15:36:20,PENDING
pay_NSR_1081,ord_live_1091,UPI,1802.0,0.0,0.0,CAPTURED,gtw_ref_pay_NSR_1081,2026-07-26 17:59:05,PENDING
pay_NSR_1082,ord_live_1092,UPI,3706.0,0.0,0.0,CAPTURED,gtw_ref_pay_NSR_1082,2026-07-22 16:49:04,PENDING
pay_NSR_1083,ord_live_1093,NET_BANKING,33065.0,15.0,2.7,CAPTURED,gtw_ref_pay_NSR_1083,2026-07-02 04:10:15,PENDING
pay_NSR_1084,ord_live_1094,NET_BANKING,9142.0,15.0,2.7,CAPTURED,gtw_ref_pay_NSR_1084,2026-07-30 07:21:49,PENDING
pay_NSR_1085,ord_live_1095,UPI,5753.0,0.0,0.0,CAPTURED,gtw_ref_pay_NSR_1085,2026-08-18 14:27:06,PENDING
pay_NSR_1086,ord_live_1096,WALLET,14298.0,214.47,38.6,CAPTURED,gtw_ref_pay_NSR_1086,2026-07-26 07:16:04,PENDING
pay_NSR_1087,ord_live_1097,UPI,11882.0,0.0,0.0,CAPTURED,gtw_ref_pay_NSR_1087,2026-08-13 04:59:07,PENDING
pay_NSR_1088,ord_live_1098,UPI,14142.0,0.0,0.0,CAPTURED,gtw_ref_pay_NSR_1088,2026-07-05 01:48:21,PENDING
pay_NSR_1089,ord_live_1099,CARD,26916.0,538.32,96.9,CAPTURED,gtw_ref_pay_NSR_1089,2026-07-27 20:44:57,PENDING
pay_NSR_1090,ord_live_1100,UPI,459.0,0.0,0.0,CAPTURED,gtw_ref_pay_NSR_1090,2026-08-16 01:48:17,PENDING
pay_NSR_1091,ord_live_1101,CARD,1596.0,31.92,5.75,CAPTURED,gtw_ref_pay_NSR_1091,2026-08-06 17:26:54,PENDING
pay_NSR_1092,ord_live_1102,UPI,1022.0,0.0,0.0,CAPTURED,gtw_ref_pay_NSR_1092,2026-07-15 23:39:39,PENDING
pay_NSR_1093,ord_live_1103,UPI,1841.0,0.0,0.0,CAPTURED,gtw_ref_pay_NSR_1093,2026-07-20 14:40:13,PENDING
pay_NSR_1094,ord_live_1104,UPI,1901.0,0.0,0.0,CAPTURED,gtw_ref_pay_NSR_1094,2026-08-08 08:05:17,PENDING
pay_NSR_1095,ord_live_1105,UPI,25610.0,0.0,0.0,CAPTURED,gtw_ref_pay_NSR_1095,2026-07-16 08:30:31,PENDING
pay_NSR_1096,ord_live_1106,NET_BANKING,18083.0,15.0,2.7,CAPTURED,gtw_ref_pay_NSR_1096,2026-07-28 09:09:18,SETTLED
pay_NSR_1097,ord_live_1107,UPI,12033.0,0.0,0.0,CAPTURED,gtw_ref_pay_NSR_1097,2026-08-12 03:29:30,SETTLED
pay_NSR_1098,ord_live_1108,UPI,147141.0,0.0,0.0,CAPTURED,gtw_ref_pay_NSR_1098,2026-07-21 20:52:29,SETTLED
pay_NSR_1099,ord_live_1109,CARD,346.0,6.92,1.25,CAPTURED,gtw_ref_pay_NSR_1099,2026-08-15 15:22:07,SETTLED
pay_NSR_1100,ord_live_1110,UPI,1090.0,0.0,0.0,CAPTURED,gtw_ref_pay_NSR_1100,2026-07-18 08:45:48,SETTLED
pay_NSR_1101,ord_live_1111,UPI,39414.0,0.0,0.0,CAPTURED,gtw_ref_pay_NSR_1101,2026-07-14 20:19:19,SETTLED
pay_NSR_1102,ord_live_1112,UPI,10988.0,0.0,0.0,CAPTURED,gtw_ref_pay_NSR_1102,2026-07-02 10:38:18,SETTLED
pay_NSR_1103,ord_live_1113,UPI,52170.0,0.0,0.0,CAPTURED,gtw_ref_pay_NSR_1103,2026-07-06 09:43:18,SETTLED
pay_NSR_1104,ord_live_1114,NET_BANKING,476.0,15.0,2.7,CAPTURED,gtw_ref_pay_NSR_1104,2026-07-03 17:59:30,SETTLED
pay_NSR_1105,ord_live_1115,CARD,250.0,5.0,0.9,CAPTURED,gtw_ref_pay_NSR_1105,2026-08-06 05:48:03,SETTLED
pay_NSR_1106,ord_live_1116,UPI,39912.0,0.0,0.0,CAPTURED,gtw_ref_pay_NSR_1106,2026-07-05 16:08:35,SETTLED
pay_NSR_1107,ord_live_1117,CARD,9395.0,187.9,33.82,CAPTURED,gtw_ref_pay_NSR_1107,2026-08-19 01:34:28,SETTLED
pay_NSR_1108,ord_live_1118,UPI,48103.0,0.0,0.0,CAPTURED,gtw_ref_pay_NSR_1108,2026-07-20 03:44:03,SETTLED
pay_NSR_1109,ord_live_1119,UPI,10671.0,0.0,0.0,CAPTURED,gtw_ref_pay_NSR_1109,2026-08-11 11:17:15,SETTLED
pay_NSR_1110,ord_live_1120,UPI,104.0,0.0,0.0,CAPTURED,gtw_ref_pay_NSR_1110,2026-07-26 23:52:38,SETTLED
pay_NSR_1111,ord_live_1121,NET_BANKING,689.0,15.0,2.7,CAPTURED,gtw_ref_pay_NSR_1111,2026-08-14 18:51:55,SETTLED
pay_NSR_1112,ord_live_1122,UPI,10668.0,0.0,0.0,CAPTURED,gtw_ref_pay_NSR_1112,2026-08-20 05:43:42,SETTLED
pay_NSR_1113,ord_live_1123,CARD,559.0,11.18,2.01,CAPTURED,gtw_ref_pay_NSR_1113,2026-08-10 14:03:17,SETTLED
pay_NSR_1114,ord_live_1124,UPI,1722.0,0.0,0.0,CAPTURED,gtw_ref_pay_NSR_1114,2026-07-20 04:53:52,SETTLED
pay_NSR_1115,ord_live_1125,NET_BANKING,1509.0,15.0,2.7,CAPTURED,gtw_ref_pay_NSR_1115,2026-07-20 07:30:17,SETTLED
pay_NSR_1116,ord_live_1126,UPI,180.0,0.0,0.0,CAPTURED,gtw_ref_pay_NSR_1116,2026-07-28 08:29:38,SETTLED
pay_NSR_1117,ord_live_1127,NET_BANKING,1479.0,15.0,2.7,CAPTURED,gtw_ref_pay_NSR_1117,2026-08-06 03:11:48,SETTLED
pay_NSR_1118,ord_live_1128,CARD,1647.0,32.94,5.93,CAPTURED,gtw_ref_pay_NSR_1118,2026-07-12 00:34:41,SETTLED
pay_NSR_1119,ord_live_1129,WALLET,1297.0,19.45,3.5,CAPTURED,gtw_ref_pay_NSR_1119,2026-07-28 05:57:31,SETTLED
pay_NSR_1120,ord_live_1130,UPI,781.0,0.0,0.0,CAPTURED,gtw_ref_pay_NSR_1120,2026-07-21 06:07:54,SETTLED
pay_NSR_1121,ord_live_1131,NET_BANKING,1113.0,15.0,2.7,CAPTURED,gtw_ref_pay_NSR_1121,2026-07-19 06:31:52,SETTLED
pay_NSR_1122,ord_live_1132,CARD,615.0,12.3,2.21,CAPTURED,gtw_ref_pay_NSR_1122,2026-07-20 12:57:25,SETTLED
pay_NSR_1123,ord_live_1133,UPI,50276.0,0.0,0.0,CAPTURED,gtw_ref_pay_NSR_1123,2026-07-26 10:15:33,SETTLED
pay_NSR_1124,ord_live_1134,UPI,16484.0,0.0,0.0,CAPTURED,gtw_ref_pay_NSR_1124,2026-08-17 10:15:17,SETTLED
pay_NSR_1125,ord_live_1135,CARD,1529.0,30.58,5.5,CAPTURED,gtw_ref_pay_NSR_1125,2026-07-31 12:10:40,SETTLED
pay_NSR_1126,ord_live_1136,CARD,1227.0,24.54,4.42,CAPTURED,gtw_ref_pay_NSR_1126,2026-07-01 02:30:05,SETTLED
pay_NSR_1127,ord_live_1137,CARD,5849.0,116.98,21.06,CAPTURED,gtw_ref_pay_NSR_1127,2026-08-10 13:36:59,SETTLED
pay_NSR_1128,ord_live_1138,UPI,15614.0,0.0,0.0,CAPTURED,gtw_ref_pay_NSR_1128,2026-07-31 00:25:29,SETTLED
pay_NSR_1129,ord_live_1139,NET_BANKING,1326.0,15.0,2.7,CAPTURED,gtw_ref_pay_NSR_1129,2026-08-02 09:04:08,SETTLED
pay_NSR_1130,ord_live_1140,CARD,15596.0,311.92,56.15,CAPTURED,gtw_ref_pay_NSR_1130,2026-07-22 01:27:52,SETTLED
pay_NSR_1131,ord_live_1141,NET_BANKING,18044.0,15.0,2.7,CAPTURED,gtw_ref_pay_NSR_1131,2026-07-09 23:43:30,SETTLED
pay_NSR_1132,ord_live_1142,UPI,19807.0,0.0,0.0,CAPTURED,gtw_ref_pay_NSR_1132,2026-07-25 00:06:20,SETTLED
pay_NSR_1133,ord_live_1143,UPI,883.0,0.0,0.0,CAPTURED,gtw_ref_pay_NSR_1133,2026-07-14 22:06:20,SETTLED
pay_NSR_1134,ord_live_1144,WALLET,44984.0,674.76,121.46,CAPTURED,gtw_ref_pay_NSR_1134,2026-07-25 06:58:52,SETTLED
pay_NSR_1135,ord_live_1145,NET_BANKING,91548.0,15.0,2.7,CAPTURED,gtw_ref_pay_NSR_1135,2026-08-02 03:24:55,SETTLED
pay_NSR_1136,ord_live_1146,UPI,1963.0,0.0,0.0,CAPTURED,gtw_ref_pay_NSR_1136,2026-07-29 09:49:09,SETTLED
pay_NSR_1137,ord_live_1147,UPI,84808.0,0.0,0.0,CAPTURED,gtw_ref_pay_NSR_1137,2026-07-30 17:26:39,SETTLED
pay_NSR_1138,ord_live_1148,CARD,771.0,15.42,2.78,CAPTURED,gtw_ref_pay_NSR_1138,2026-08-13 02:27:20,SETTLED
pay_NSR_1139,ord_live_1149,UPI,239.0,0.0,0.0,CAPTURED,gtw_ref_pay_NSR_1139,2026-07-16 05:50:58,SETTLED
pay_NSR_1140,ord_live_1150,UPI,16220.0,0.0,0.0,CAPTURED,gtw_ref_pay_NSR_1140,2026-07-07 05:53:55,SETTLED
pay_NSR_1141,ord_live_1151,UPI,712.0,0.0,0.0,CAPTURED,gtw_ref_pay_NSR_1141,2026-07-01 10:24:50,SETTLED
pay_NSR_1142,ord_live_1152,NET_BANKING,981.0,15.0,2.7,CAPTURED,gtw_ref_pay_NSR_1142,2026-07-09 16:42:26,SETTLED
pay_NSR_1143,ord_live_1153,CARD,1347.0,26.94,4.85,CAPTURED,gtw_ref_pay_NSR_1143,2026-07-25 04:47:15,SETTLED
pay_NSR_1144,ord_live_1154,UPI,1043.0,0.0,0.0,CAPTURED,gtw_ref_pay_NSR_1144,2026-08-09 17:31:16,SETTLED
pay_NSR_1145,ord_live_1155,CARD,64407.0,1288.14,231.87,CAPTURED,gtw_ref_pay_NSR_1145,2026-08-03 14:07:28,SETTLED
pay_NSR_1146,ord_live_1156,UPI,967.0,0.0,0.0,CAPTURED,gtw_ref_pay_NSR_1146,2026-08-13 17:34:54,SETTLED
pay_NSR_1147,ord_live_1157,CARD,138336.0,2766.72,498.01,CAPTURED,gtw_ref_pay_NSR_1147,2026-07-06 16:30:36,SETTLED
pay_NSR_1148,ord_live_1158,UPI,1531.0,0.0,0.0,CAPTURED,gtw_ref_pay_NSR_1148,2026-07-18 10:01:42,SETTLED
pay_NSR_1149,ord_live_1159,UPI,1870.0,0.0,0.0,CAPTURED,gtw_ref_pay_NSR_1149,2026-08-13 08:10:58,SETTLED
pay_NSR_1150,ord_live_1160,UPI,9540.0,0.0,0.0,CAPTURED,gtw_ref_pay_NSR_1150,2026-08-07 20:17:40,SETTLED
pay_NSR_1151,ord_live_1161,CARD,1646.0,32.92,5.93,CAPTURED,gtw_ref_pay_NSR_1151,2026-08-16 06:46:53,SETTLED
pay_NSR_1152,ord_live_1162,CARD,1384.0,27.68,4.98,CAPTURED,gtw_ref_pay_NSR_1152,2026-08-10 10:20:50,SETTLED
pay_NSR_1153,ord_live_1163,CARD,6306.0,126.12,22.7,CAPTURED,gtw_ref_pay_NSR_1153,2026-07-05 18:30:47,SETTLED
pay_NSR_1154,ord_live_1164,WALLET,1709.0,25.63,4.61,CAPTURED,gtw_ref_pay_NSR_1154,2026-08-03 20:35:32,SETTLED
pay_NSR_1155,ord_live_1165,UPI,1787.0,0.0,0.0,CAPTURED,gtw_ref_pay_NSR_1155,2026-07-30 18:49:55,SETTLED
pay_NSR_1156,ORD_1166,UPI,4467.0,0.0,0.0,CAPTURED,gtw_ref_pay_NSR_1156,2026-07-09 17:04:43,SETTLED
pay_NSR_1157,ORD_1167,CARD,1718.0,34.36,6.18,CAPTURED,gtw_ref_pay_NSR_1157,2026-07-25 09:20:34,SETTLED
pay_NSR_1158,ORD_1168,UPI,1632.0,0.0,0.0,CAPTURED,gtw_ref_pay_NSR_1158,2026-08-12 17:39:24,SETTLED
pay_NSR_1159,ORD_1169,UPI,17449.0,0.0,0.0,CAPTURED,gtw_ref_pay_NSR_1159,2026-07-02 05:06:35,SETTLED
pay_NSR_1160,ORD_1170,NET_BANKING,228.0,15.0,2.7,CAPTURED,gtw_ref_pay_NSR_1160,2026-08-10 00:00:44,SETTLED
pay_NSR_1161,ORD_1171,UPI,385.0,0.0,0.0,CAPTURED,gtw_ref_pay_NSR_1161,2026-07-02 10:21:31,SETTLED
pay_NSR_1162,ORD_1172,UPI,1199.0,0.0,0.0,CAPTURED,gtw_ref_pay_NSR_1162,2026-07-08 21:33:23,SETTLED
pay_NSR_1163,ORD_1173,WALLET,7063.0,105.94,19.07,CAPTURED,gtw_ref_pay_NSR_1163,2026-07-27 05:12:53,SETTLED
pay_NSR_1164,ORD_1174,UPI,671.0,0.0,0.0,CAPTURED,gtw_ref_pay_NSR_1164,2026-07-03 07:32:13,SETTLED
pay_NSR_1165,ORD_1175,CARD,122538.0,2450.76,441.14,CAPTURED,gtw_ref_pay_NSR_1165,2026-07-07 06:31:34,SETTLED
pay_NSR_1166,ord_live_1176,UPI,487.0,0.0,0.0,CAPTURED,gtw_ref_pay_NSR_1166,2026-07-07 23:07:42,SETTLED
pay_NSR_1167,ord_live_1177,CARD,2699.0,53.98,9.72,CAPTURED,gtw_ref_pay_NSR_1167,2026-07-03 19:18:08,SETTLED
pay_NSR_1168,ord_live_1178,UPI,56320.0,0.0,0.0,CAPTURED,gtw_ref_pay_NSR_1168,2026-07-14 03:15:52,SETTLED
pay_NSR_1169,ord_live_1179,UPI,2092.0,0.0,0.0,CAPTURED,gtw_ref_pay_NSR_1169,2026-07-17 13:13:34,SETTLED
pay_NSR_1170,ord_live_1180,UPI,1873.0,0.0,0.0,CAPTURED,gtw_ref_pay_NSR_1170,2026-07-01 13:03:22,SETTLED
pay_NSR_1171,ord_live_1181,UPI,455.0,0.0,0.0,CAPTURED,gtw_ref_pay_NSR_1171,2026-07-16 10:14:47,SETTLED
pay_NSR_1172,ord_live_1182,UPI,229.0,0.0,0.0,CAPTURED,gtw_ref_pay_NSR_1172,2026-07-30 23:50:23,SETTLED
pay_NSR_1173,ord_live_1183,CARD,3420.0,68.4,12.31,CAPTURED,gtw_ref_pay_NSR_1173,2026-08-16 06:36:19,SETTLED
pay_NSR_1174,ord_live_1184,NET_BANKING,82973.0,15.0,2.7,CAPTURED,gtw_ref_pay_NSR_1174,2026-07-30 21:37:43,SETTLED
pay_NSR_1175,ord_live_1185,UPI,16534.0,0.0,0.0,CAPTURED,gtw_ref_pay_NSR_1175,2026-07-04 11:26:38,SETTLED
pay_NSR_1176,ord_live_1186,UPI,1377.0,0.0,0.0,CAPTURED,gtw_ref_pay_NSR_1176,2026-08-10 03:43:45,SETTLED
pay_NSR_1177,ord_live_1187,CARD,144542.0,2890.84,520.35,CAPTURED,gtw_ref_pay_NSR_1177,2026-07-18 23:40:38,SETTLED
pay_NSR_1178,ord_live_1188,UPI,5749.0,0.0,0.0,CAPTURED,gtw_ref_pay_NSR_1178,2026-08-11 05:57:49,SETTLED
pay_NSR_1179,ord_live_1189,UPI,9487.0,0.0,0.0,CAPTURED,gtw_ref_pay_NSR_1179,2026-07-26 20:02:29,SETTLED
pay_NSR_1180,ord_live_1190,CARD,12241.0,244.82,44.07,CAPTURED,gtw_ref_pay_NSR_1180,2026-07-27 19:45:16,SETTLED
pay_NSR_1181,ord_live_1191,CARD,17540.0,350.8,63.14,CAPTURED,gtw_ref_pay_NSR_1181,2026-07-04 12:03:05,SETTLED
pay_NSR_1182,ord_live_1192,UPI,1612.0,0.0,0.0,CAPTURED,gtw_ref_pay_NSR_1182,2026-07-23 13:43:03,SETTLED
pay_NSR_1183,ord_live_1193,UPI,823.0,0.0,0.0,CAPTURED,gtw_ref_pay_NSR_1183,2026-08-11 22:57:58,SETTLED
pay_NSR_1184,ord_live_1194,UPI,13522.0,0.0,0.0,CAPTURED,gtw_ref_pay_NSR_1184,2026-07-07 03:41:13,SETTLED
pay_NSR_1185,ord_live_1195,UPI,5546.0,0.0,0.0,CAPTURED,gtw_ref_pay_NSR_1185,2026-07-23 02:29:07,SETTLED
pay_NSR_1186,ord_live_1196,CARD,977.0,19.54,3.52,CAPTURED,gtw_ref_pay_NSR_1186,2026-08-05 04:49:43,SETTLED
pay_NSR_1187,ord_live_1197,CARD,74359.0,1487.18,267.69,CAPTURED,gtw_ref_pay_NSR_1187,2026-08-13 17:05:11,SETTLED
pay_NSR_1188,ord_live_1198,CARD,13135.0,262.7,47.29,CAPTURED,gtw_ref_pay_NSR_1188,2026-07-22 09:18:55,SETTLED
pay_NSR_1189,ord_live_1199,NET_BANKING,4280.0,15.0,2.7,CAPTURED,gtw_ref_pay_NSR_1189,2026-07-10 08:50:01,SETTLED
pay_NSR_1190,ord_live_1200,CARD,14327.0,286.54,51.58,CAPTURED,gtw_ref_pay_NSR_1190,2026-07-26 23:24:10,SETTLED
pay_NSR_1191,ord_live_1201,NET_BANKING,4783.0,15.0,2.7,CAPTURED,gtw_ref_pay_NSR_1191,2026-07-03 13:13:48,SETTLED
pay_NSR_1192,ord_live_1202,UPI,1006.0,0.0,0.0,CAPTURED,gtw_ref_pay_NSR_1192,2026-08-11 22:37:38,SETTLED
pay_NSR_1193,ord_live_1203,UPI,1645.0,0.0,0.0,CAPTURED,gtw_ref_pay_NSR_1193,2026-08-01 12:31:27,SETTLED
pay_NSR_1194,ord_live_1204,UPI,17945.0,0.0,0.0,CAPTURED,gtw_ref_pay_NSR_1194,2026-08-03 06:23:02,SETTLED
pay_NSR_1195,ord_live_1205,UPI,82181.0,0.0,0.0,CAPTURED,gtw_ref_pay_NSR_1195,2026-06-30 15:29:13,SETTLED
pay_NSR_1196,ord_live_1206,NET_BANKING,344.0,15.0,2.7,CAPTURED,gtw_ref_pay_NSR_1196,2026-07-01 00:55:27,SETTLED
pay_NSR_1197,ord_live_1207,WALLET,1540.0,23.1,4.16,CAPTURED,gtw_ref_pay_NSR_1197,2026-07-15 01:36:53,SETTLED
pay_NSR_1198,ord_live_1208,UPI,1618.0,0.0,0.0,CAPTURED,gtw_ref_pay_NSR_1198,2026-07-02 22:10:29,SETTLED
pay_NSR_1199,ord_live_1209,NET_BANKING,15252.0,15.0,2.7,CAPTURED,gtw_ref_pay_NSR_1199,2026-08-15 05:36:18,SETTLED
pay_NSR_1200,ord_live_1210,NET_BANKING,764.0,15.0,2.7,CAPTURED,gtw_ref_pay_NSR_1200,2026-07-11 04:38:53,SETTLED
pay_NSR_1201,ord_live_1211,WALLET,315.0,4.72,0.85,CAPTURED,gtw_ref_pay_NSR_1201,2026-07-15 22:43:25,SETTLED
pay_NSR_1202,ord_live_1212,NET_BANKING,68877.0,15.0,2.7,CAPTURED,gtw_ref_pay_NSR_1202,2026-07-21 16:27:49,SETTLED
pay_NSR_1203,ord_live_1213,CARD,5736.0,114.72,20.65,CAPTURED,gtw_ref_pay_NSR_1203,2026-08-03 01:18:57,SETTLED
pay_NSR_1204,ord_live_1214,UPI,6839.0,0.0,0.0,CAPTURED,gtw_ref_pay_NSR_1204,2026-07-15 12:13:16,SETTLED
pay_NSR_1205,ord_live_1215,UPI,4469.0,0.0,0.0,CAPTURED,gtw_ref_pay_NSR_1205,2026-07-12 05:36:29,SETTLED
pay_NSR_1206,ord_live_1216,UPI,56994.0,0.0,0.0,CAPTURED,gtw_ref_pay_NSR_1206,2026-08-11 05:41:20,SETTLED
pay_NSR_1207,ord_live_1217,UPI,1059.0,0.0,0.0,CAPTURED,gtw_ref_pay_NSR_1207,2026-07-29 05:26:50,SETTLED
pay_NSR_1208,ord_live_1218,CARD,1138.0,22.76,4.1,CAPTURED,gtw_ref_pay_NSR_1208,2026-07-04 18:33:28,SETTLED
pay_NSR_1209,ord_live_1219,UPI,686.0,0.0,0.0,CAPTURED,gtw_ref_pay_NSR_1209,2026-07-05 05:59:54,SETTLED
pay_NSR_1210,ord_live_1220,CARD,14598.0,291.96,52.55,CAPTURED,gtw_ref_pay_NSR_1210,2026-07-30 03:36:50,SETTLED
pay_NSR_1211,ord_live_1221,UPI,57464.0,0.0,0.0,CAPTURED,gtw_ref_pay_NSR_1211,2026-08-10 15:28:38,SETTLED
pay_NSR_1212,ord_live_1222,WALLET,225.0,3.38,0.61,CAPTURED,gtw_ref_pay_NSR_1212,2026-07-28 12:54:57,SETTLED
pay_NSR_1213,ord_live_1223,UPI,1422.0,0.0,0.0,CAPTURED,gtw_ref_pay_NSR_1213,2026-07-11 10:16:45,SETTLED
pay_NSR_1214,ord_live_1224,NET_BANKING,7201.0,15.0,2.7,CAPTURED,gtw_ref_pay_NSR_1214,2026-07-23 21:06:18,SETTLED
pay_NSR_1215,ord_live_1225,CARD,3715.0,74.3,13.37,CAPTURED,gtw_ref_pay_NSR_1215,2026-08-20 05:44:21,SETTLED
pay_NSR_1216,ord_live_1226,UPI,1488.0,0.0,0.0,CAPTURED,gtw_ref_pay_NSR_1216,2026-07-24 18:26:46,SETTLED
pay_NSR_1217,ord_live_1227,UPI,1458.0,0.0,0.0,CAPTURED,gtw_ref_pay_NSR_1217,2026-07-09 20:26:41,SETTLED
pay_NSR_1218,ord_live_1228,NET_BANKING,4776.0,15.0,2.7,CAPTURED,gtw_ref_pay_NSR_1218,2026-07-20 02:28:41,SETTLED
pay_NSR_1219,ord_live_1229,WALLET,19248.0,288.72,51.97,CAPTURED,gtw_ref_pay_NSR_1219,2026-07-06 05:47:27,SETTLED
pay_NSR_1220,ord_live_1230,UPI,468.0,0.0,0.0,CAPTURED,gtw_ref_pay_NSR_1220,2026-07-13 19:59:31,SETTLED
pay_NSR_1221,ord_live_1231,NET_BANKING,95309.0,15.0,2.7,CAPTURED,gtw_ref_pay_NSR_1221,2026-07-04 19:03:50,SETTLED
pay_NSR_1222,ord_live_1232,CARD,19253.0,385.06,69.31,CAPTURED,gtw_ref_pay_NSR_1222,2026-07-03 06:25:56,SETTLED
pay_NSR_1223,ord_live_1233,CARD,431.0,8.62,1.55,CAPTURED,gtw_ref_pay_NSR_1223,2026-07-12 07:55:39,SETTLED
pay_NSR_1224,ord_live_1234,WALLET,940.0,14.1,2.54,CAPTURED,gtw_ref_pay_NSR_1224,2026-07-24 06:49:15,SETTLED
pay_NSR_1225,ord_live_1235,CARD,1632.0,32.64,5.88,CAPTURED,gtw_ref_pay_NSR_1225,2026-08-19 23:20:34,SETTLED
pay_NSR_1226,ord_live_1236,CARD,136475.0,2729.5,491.31,CAPTURED,gtw_ref_pay_NSR_1226,2026-07-12 20:53:36,SETTLED
pay_NSR_1227,ord_live_1237,CARD,14513.0,290.26,52.25,CAPTURED,gtw_ref_pay_NSR_1227,2026-08-02 01:35:10,SETTLED
pay_NSR_1228,ord_live_1238,NET_BANKING,611.0,15.0,2.7,CAPTURED,gtw_ref_pay_NSR_1228,2026-07-04 05:39:55,SETTLED
pay_NSR_1229,ord_live_1239,UPI,66622.0,0.0,0.0,CAPTURED,gtw_ref_pay_NSR_1229,2026-08-02 12:19:05,SETTLED
pay_NSR_1230,ord_live_1240,UPI,1150.0,0.0,0.0,CAPTURED,gtw_ref_pay_NSR_1230,2026-07-09 22:08:58,SETTLED
pay_NSR_1231,ord_live_1241,UPI,21747.0,0.0,0.0,CAPTURED,gtw_ref_pay_NSR_1231,2026-07-26 10:26:32,SETTLED
pay_NSR_1232,ord_live_1242,CARD,266.0,5.32,0.96,CAPTURED,gtw_ref_pay_NSR_1232,2026-07-23 16:02:20,SETTLED
pay_NSR_1233,ord_live_1243,UPI,6785.0,0.0,0.0,CAPTURED,gtw_ref_pay_NSR_1233,2026-07-08 10:27:58,SETTLED
pay_NSR_1234,ord_live_1244,UPI,69731.0,0.0,0.0,CAPTURED,gtw_ref_pay_NSR_1234,2026-08-15 00:37:39,SETTLED
pay_NSR_1235,ord_live_1245,WALLET,540.0,8.1,1.46,CAPTURED,gtw_ref_pay_NSR_1235,2026-07-10 02:53:38,SETTLED
pay_NSR_1236,ord_live_1246,WALLET,9786.0,146.79,26.42,CAPTURED,gtw_ref_pay_NSR_1236,2026-07-19 12:04:15,SETTLED
pay_NSR_1237,ord_live_1247,UPI,16978.0,0.0,0.0,CAPTURED,gtw_ref_pay_NSR_1237,2026-07-04 13:01:57,SETTLED
pay_NSR_1238,ord_live_1248,CARD,18887.0,377.74,67.99,CAPTURED,gtw_ref_pay_NSR_1238,2026-08-05 16:54:09,SETTLED
pay_NSR_1239,ord_live_1249,CARD,821.0,16.42,2.96,CAPTURED,gtw_ref_pay_NSR_1239,2026-07-16 03:30:11,SETTLED
pay_NSR_1240,ord_live_1250,UPI,83871.0,0.0,0.0,CAPTURED,gtw_ref_pay_NSR_1240,2026-08-03 02:34:50,SETTLED
pay_NSR_1241,ord_live_1251,CARD,22853.0,457.06,82.27,CAPTURED,gtw_ref_pay_NSR_1241,2026-08-09 21:25:16,SETTLED
pay_NSR_1242,ord_live_1252,UPI,13298.0,0.0,0.0,CAPTURED,gtw_ref_pay_NSR_1242,2026-07-16 08:51:40,SETTLED
pay_NSR_1243,ord_live_1253,UPI,12895.0,0.0,0.0,CAPTURED,gtw_ref_pay_NSR_1243,2026-07-08 10:27:34,SETTLED
pay_NSR_1244,ord_live_1254,UPI,1694.0,0.0,0.0,CAPTURED,gtw_ref_pay_NSR_1244,2026-08-12 23:47:30,SETTLED
pay_NSR_1245,ord_live_1255,WALLET,1688.0,25.32,4.56,CAPTURED,gtw_ref_pay_NSR_1245,2026-07-29 10:28:12,SETTLED
pay_NSR_1246,ord_live_1256,NET_BANKING,40682.0,15.0,2.7,CAPTURED,gtw_ref_pay_NSR_1246,2026-07-20 01:30:52,SETTLED
pay_NSR_1247,ord_live_1257,CARD,1423.0,28.46,5.12,CAPTURED,gtw_ref_pay_NSR_1247,2026-07-12 18:24:55,SETTLED
pay_NSR_1248,ord_live_1258,UPI,353.0,0.0,0.0,CAPTURED,gtw_ref_pay_NSR_1248,2026-07-23 22:59:25,SETTLED
pay_NSR_1249,ord_live_1259,CARD,481.0,9.62,1.73,CAPTURED,gtw_ref_pay_NSR_1249,2026-08-01 07:34:23,SETTLED
pay_NSR_1250,ord_live_1260,UPI,4586.0,0.0,0.0,CAPTURED,gtw_ref_pay_NSR_1250,2026-07-28 04:54:11,SETTLED
pay_NSR_1251,ord_live_1261,NET_BANKING,770.0,15.0,2.7,CAPTURED,gtw_ref_pay_NSR_1251,2026-08-11 18:25:28,SETTLED
pay_NSR_1252,ord_live_1262,UPI,13519.0,0.0,0.0,CAPTURED,gtw_ref_pay_NSR_1252,2026-07-28 10:56:55,SETTLED
pay_NSR_1253,ord_live_1263,WALLET,110987.0,1664.8,299.66,CAPTURED,gtw_ref_pay_NSR_1253,2026-08-09 10:05:42,SETTLED
pay_NSR_1254,ord_live_1264,UPI,7242.0,0.0,0.0,CAPTURED,gtw_ref_pay_NSR_1254,2026-07-01 14:04:38,SETTLED
pay_NSR_1255,ord_live_1265,WALLET,582.0,8.73,1.57,CAPTURED,gtw_ref_pay_NSR_1255,2026-08-19 05:29:23,SETTLED
pay_NSR_1256,ord_live_1266,UPI,413.0,0.0,0.0,CAPTURED,gtw_ref_pay_NSR_1256,2026-08-12 23:32:23,SETTLED
pay_NSR_1257,ord_live_1267,NET_BANKING,19349.0,15.0,2.7,CAPTURED,gtw_ref_pay_NSR_1257,2026-07-23 21:26:41,SETTLED
pay_NSR_1258,ord_live_1268,UPI,78397.0,0.0,0.0,CAPTURED,gtw_ref_pay_NSR_1258,2026-08-16 14:32:33,SETTLED
pay_NSR_1259,ord_live_1269,UPI,1686.0,0.0,0.0,CAPTURED,gtw_ref_pay_NSR_1259,2026-07-17 07:30:13,SETTLED
pay_NSR_1260,ord_live_1270,WALLET,52191.0,782.87,140.92,CAPTURED,gtw_ref_pay_NSR_1260,2026-07-12 12:17:54,SETTLED
pay_NSR_1261,ord_live_1271,CARD,1559.0,31.18,5.61,CAPTURED,gtw_ref_pay_NSR_1261,2026-07-28 11:55:43,SETTLED
pay_NSR_1262,ord_live_1272,NET_BANKING,231.0,15.0,2.7,CAPTURED,gtw_ref_pay_NSR_1262,2026-08-05 02:25:57,SETTLED
pay_NSR_1263,ord_live_1273,UPI,7704.0,0.0,0.0,CAPTURED,gtw_ref_pay_NSR_1263,2026-08-19 20:39:14,SETTLED
pay_NSR_1264,ord_live_1274,CARD,9757.0,195.14,35.13,CAPTURED,gtw_ref_pay_NSR_1264,2026-08-20 00:04:23,SETTLED
pay_NSR_1265,ord_live_1275,CARD,56152.0,1123.04,202.15,CAPTURED,gtw_ref_pay_NSR_1265,2026-07-09 04:57:05,SETTLED
pay_NSR_1266,ord_live_1276,UPI,1567.0,0.0,0.0,CAPTURED,gtw_ref_pay_NSR_1266,2026-08-16 00:38:26,SETTLED
pay_NSR_1267,ord_live_1277,CARD,748.0,14.96,2.69,CAPTURED,gtw_ref_pay_NSR_1267,2026-08-10 11:32:29,SETTLED
pay_NSR_1268,ord_live_1278,UPI,71135.0,0.0,0.0,CAPTURED,gtw_ref_pay_NSR_1268,2026-08-05 05:44:11,SETTLED
pay_NSR_1269,ord_live_1279,UPI,3815.0,0.0,0.0,CAPTURED,gtw_ref_pay_NSR_1269,2026-07-08 01:11:19,SETTLED
pay_NSR_1270,ord_live_1280,CARD,1551.0,31.02,5.58,CAPTURED,gtw_ref_pay_NSR_1270,2026-07-14 20:43:57,SETTLED
pay_NSR_1271,ord_live_1281,UPI,1399.0,0.0,0.0,CAPTURED,gtw_ref_pay_NSR_1271,2026-08-04 17:10:40,SETTLED
pay_NSR_1272,ord_live_1282,UPI,18468.0,0.0,0.0,CAPTURED,gtw_ref_pay_NSR_1272,2026-08-10 14:42:37,SETTLED
pay_NSR_1273,ord_live_1283,UPI,13063.0,0.0,0.0,CAPTURED,gtw_ref_pay_NSR_1273,2026-08-05 11:00:55,SETTLED
pay_NSR_1274,ord_live_1284,NET_BANKING,1412.0,15.0,2.7,CAPTURED,gtw_ref_pay_NSR_1274,2026-08-19 03:17:41,SETTLED
pay_NSR_1275,ord_live_1285,UPI,1407.0,0.0,0.0,CAPTURED,gtw_ref_pay_NSR_1275,2026-07-02 00:59:40,SETTLED
pay_NSR_1276,ord_live_1286,UPI,138301.0,0.0,0.0,CAPTURED,gtw_ref_pay_NSR_1276,2026-07-16 06:28:19,SETTLED
pay_NSR_1277,ord_live_1287,WALLET,7179.0,107.69,19.38,CAPTURED,gtw_ref_pay_NSR_1277,2026-07-28 22:31:29,SETTLED
pay_NSR_1278,ord_live_1288,UPI,12242.0,0.0,0.0,CAPTURED,gtw_ref_pay_NSR_1278,2026-08-14 19:47:55,SETTLED
pay_NSR_1279,ord_live_1289,CARD,857.0,17.14,3.09,CAPTURED,gtw_ref_pay_NSR_1279,2026-08-02 02:15:20,SETTLED
pay_NSR_1280,ord_live_1290,UPI,1019.0,0.0,0.0,CAPTURED,gtw_ref_pay_NSR_1280,2026-07-15 13:12:03,SETTLED
pay_NSR_1281,ord_live_1291,NET_BANKING,47402.0,15.0,2.7,CAPTURED,gtw_ref_pay_NSR_1281,2026-07-15 15:01:20,SETTLED
pay_NSR_1282,ord_live_1292,UPI,18327.0,0.0,0.0,CAPTURED,gtw_ref_pay_NSR_1282,2026-08-01 23:41:56,SETTLED
pay_NSR_1283,ord_live_1293,UPI,904.0,0.0,0.0,CAPTURED,gtw_ref_pay_NSR_1283,2026-08-01 23:25:13,SETTLED
pay_NSR_1284,ord_live_1294,UPI,1112.0,0.0,0.0,CAPTURED,gtw_ref_pay_NSR_1284,2026-08-08 05:52:30,SETTLED
pay_NSR_1285,ord_live_1295,CARD,319.0,6.38,1.15,CAPTURED,gtw_ref_pay_NSR_1285,2026-07-27 14:01:16,SETTLED
pay_NSR_1286,ord_live_1296,CARD,919.0,18.38,3.31,CAPTURED,gtw_ref_pay_NSR_1286,2026-07-04 03:43:12,SETTLED
pay_NSR_1287,ord_live_1297,UPI,890.0,0.0,0.0,CAPTURED,gtw_ref_pay_NSR_1287,2026-08-01 23:52:35,SETTLED
pay_NSR_1288,ord_live_1298,CARD,5893.0,117.86,21.21,CAPTURED,gtw_ref_pay_NSR_1288,2026-07-08 12:29:23,SETTLED
pay_NSR_1289,ord_live_1299,UPI,69477.0,0.0,0.0,CAPTURED,gtw_ref_pay_NSR_1289,2026-07-09 15:48:32,SETTLED
pay_NSR_1290,ord_live_1300,CARD,178.0,3.56,0.64,CAPTURED,gtw_ref_pay_NSR_1290,2026-07-09 07:24:51,SETTLED
pay_NSR_1291,ord_live_1301,UPI,18892.0,0.0,0.0,CAPTURED,gtw_ref_pay_NSR_1291,2026-07-08 20:05:39,SETTLED
pay_NSR_1292,ord_live_1302,UPI,1361.0,0.0,0.0,CAPTURED,gtw_ref_pay_NSR_1292,2026-08-16 18:41:21,SETTLED
pay_NSR_1293,ord_live_1303,UPI,17561.0,0.0,0.0,CAPTURED,gtw_ref_pay_NSR_1293,2026-07-01 20:27:43,SETTLED
pay_NSR_1294,ord_live_1304,NET_BANKING,2873.0,15.0,2.7,CAPTURED,gtw_ref_pay_NSR_1294,2026-08-08 00:24:41,SETTLED
pay_NSR_1295,ord_live_1305,CARD,1082.0,21.64,3.9,CAPTURED,gtw_ref_pay_NSR_1295,2026-07-11 01:48:46,SETTLED
pay_NSR_1296,ord_live_1306,UPI,35872.0,0.0,0.0,CAPTURED,gtw_ref_pay_NSR_1296,2026-07-03 03:54:07,SETTLED
pay_NSR_1297,ord_live_1307,NET_BANKING,956.0,15.0,2.7,CAPTURED,gtw_ref_pay_NSR_1297,2026-07-09 22:47:13,SETTLED
pay_NSR_1298,ord_live_1308,UPI,17453.0,0.0,0.0,CAPTURED,gtw_ref_pay_NSR_1298,2026-08-17 08:05:45,SETTLED
pay_NSR_1299,ord_live_1309,NET_BANKING,764.0,15.0,2.7,CAPTURED,gtw_ref_pay_NSR_1299,2026-08-12 00:34:24,SETTLED
pay_NSR_1300,ord_live_1310,UPI,19469.0,0.0,0.0,CAPTURED,gtw_ref_pay_NSR_1300,2026-07-22 02:32:43,SETTLED
pay_NSR_1301,ord_live_1311,CARD,10077.0,201.54,36.28,CAPTURED,gtw_ref_pay_NSR_1301,2026-07-18 02:28:14,SETTLED
pay_NSR_1302,ord_live_1312,CARD,18023.0,360.46,64.88,CAPTURED,gtw_ref_pay_NSR_1302,2026-07-21 00:25:35,SETTLED
pay_NSR_1303,ord_live_1313,UPI,1484.0,0.0,0.0,CAPTURED,gtw_ref_pay_NSR_1303,2026-08-03 22:07:25,SETTLED
pay_NSR_1304,ord_live_1314,UPI,688.0,0.0,0.0,CAPTURED,gtw_ref_pay_NSR_1304,2026-08-14 11:31:59,SETTLED
pay_NSR_1305,ord_live_1315,UPI,1080.0,0.0,0.0,CAPTURED,gtw_ref_pay_NSR_1305,2026-07-13 15:53:34,SETTLED
pay_NSR_1306,ord_live_1316,NET_BANKING,6498.0,15.0,2.7,CAPTURED,gtw_ref_pay_NSR_1306,2026-07-07 04:57:37,SETTLED
pay_NSR_1307,ord_live_1317,CARD,1952.0,39.04,7.03,CAPTURED,gtw_ref_pay_NSR_1307,2026-08-02 16:43:14,SETTLED
pay_NSR_1308,ord_live_1318,UPI,1568.0,0.0,0.0,CAPTURED,gtw_ref_pay_NSR_1308,2026-07-30 12:53:49,SETTLED
pay_NSR_1309,ord_live_1319,CARD,95702.0,1914.04,344.53,CAPTURED,gtw_ref_pay_NSR_1309,2026-07-27 06:07:56,SETTLED
pay_NSR_1310,ord_live_1320,UPI,11412.0,0.0,0.0,CAPTURED,gtw_ref_pay_NSR_1310,2026-07-20 18:49:03,SETTLED
pay_NSR_1311,ord_live_1321,UPI,19535.0,0.0,0.0,CAPTURED,gtw_ref_pay_NSR_1311,2026-08-17 08:58:59,SETTLED
pay_NSR_1312,ord_live_1322,UPI,1814.0,0.0,0.0,CAPTURED,gtw_ref_pay_NSR_1312,2026-07-11 10:59:25,SETTLED
pay_NSR_1313,ord_live_1323,NET_BANKING,38970.0,15.0,2.7,CAPTURED,gtw_ref_pay_NSR_1313,2026-07-02 09:20:36,SETTLED
pay_NSR_1314,ord_live_1324,UPI,1412.0,0.0,0.0,CAPTURED,gtw_ref_pay_NSR_1314,2026-08-04 01:40:56,SETTLED
pay_NSR_1315,ord_live_1325,NET_BANKING,8318.0,15.0,2.7,CAPTURED,gtw_ref_pay_NSR_1315,2026-07-07 19:15:46,SETTLED
pay_NSR_1316,ord_live_1326,CARD,480.0,9.6,1.73,CAPTURED,gtw_ref_pay_NSR_1316,2026-07-01 08:28:50,SETTLED
pay_NSR_1317,ord_live_1327,UPI,8329.0,0.0,0.0,CAPTURED,gtw_ref_pay_NSR_1317,2026-07-12 04:56:40,SETTLED
pay_NSR_1318,ord_live_1328,UPI,4842.0,0.0,0.0,CAPTURED,gtw_ref_pay_NSR_1318,2026-07-26 06:10:11,SETTLED
pay_NSR_1319,ord_live_1329,UPI,607.0,0.0,0.0,CAPTURED,gtw_ref_pay_NSR_1319,2026-06-30 17:30:15,SETTLED
pay_NSR_1320,ord_live_1330,NET_BANKING,114577.0,15.0,2.7,CAPTURED,gtw_ref_pay_NSR_1320,2026-08-07 08:37:00,SETTLED
pay_NSR_1321,ord_live_1331,UPI,582.0,0.0,0.0,CAPTURED,gtw_ref_pay_NSR_1321,2026-07-04 06:11:29,SETTLED
pay_NSR_1322,ord_live_1332,CARD,1128.0,22.56,4.06,CAPTURED,gtw_ref_pay_NSR_1322,2026-08-14 18:48:07,SETTLED
pay_NSR_1323,ord_live_1333,UPI,9180.0,0.0,0.0,CAPTURED,gtw_ref_pay_NSR_1323,2026-07-09 00:19:29,SETTLED
pay_NSR_1324,ord_live_1334,UPI,17428.0,0.0,0.0,CAPTURED,gtw_ref_pay_NSR_1324,2026-08-18 02:57:42,SETTLED
pay_NSR_1325,ord_live_1335,CARD,4682.0,93.64,16.86,CAPTURED,gtw_ref_pay_NSR_1325,2026-08-02 23:41:45,SETTLED
pay_NSR_1326,ord_live_1336,UPI,27353.0,0.0,0.0,CAPTURED,gtw_ref_pay_NSR_1326,2026-07-04 03:04:32,SETTLED
pay_NSR_1327,ord_live_1337,UPI,7391.0,0.0,0.0,CAPTURED,gtw_ref_pay_NSR_1327,2026-07-21 01:38:07,SETTLED
pay_NSR_1328,ord_live_1338,UPI,4979.0,0.0,0.0,CAPTURED,gtw_ref_pay_NSR_1328,2026-08-02 00:00:03,SETTLED
pay_NSR_1329,ord_live_1339,UPI,16968.0,0.0,0.0,CAPTURED,gtw_ref_pay_NSR_1329,2026-08-05 10:38:29,SETTLED
pay_NSR_1330,ord_live_1340,UPI,620.0,0.0,0.0,CAPTURED,gtw_ref_pay_NSR_1330,2026-07-01 08:20:37,SETTLED
pay_NSR_1331,ord_live_1341,CARD,1533.0,30.66,5.52,CAPTURED,gtw_ref_pay_NSR_1331,2026-07-05 02:08:59,SETTLED
pay_NSR_1332,ord_live_1342,UPI,936.0,0.0,0.0,CAPTURED,gtw_ref_pay_NSR_1332,2026-07-11 13:57:41,SETTLED
pay_NSR_1333,ord_live_1343,UPI,125133.0,0.0,0.0,CAPTURED,gtw_ref_pay_NSR_1333,2026-07-28 21:31:05,SETTLED
pay_NSR_1334,ord_live_1344,CARD,27774.0,555.48,99.99,CAPTURED,gtw_ref_pay_NSR_1334,2026-07-12 02:28:33,SETTLED
pay_NSR_1335,ord_live_1345,UPI,75456.0,0.0,0.0,CAPTURED,gtw_ref_pay_NSR_1335,2026-08-17 09:25:29,SETTLED
pay_NSR_1336,ord_live_1346,CARD,569.0,11.38,2.05,CAPTURED,gtw_ref_pay_NSR_1336,2026-07-15 23:26:09,SETTLED
pay_NSR_1337,ord_live_1347,UPI,67515.0,0.0,0.0,CAPTURED,gtw_ref_pay_NSR_1337,2026-08-17 12:03:51,SETTLED
pay_NSR_1338,ord_live_1348,NET_BANKING,2512.0,15.0,2.7,CAPTURED,gtw_ref_pay_NSR_1338,2026-07-15 15:13:06,SETTLED
pay_NSR_1339,ord_live_1349,NET_BANKING,3595.0,15.0,2.7,CAPTURED,gtw_ref_pay_NSR_1339,2026-07-16 08:12:25,SETTLED
pay_NSR_1340,ord_live_1350,UPI,3849.0,0.0,0.0,CAPTURED,gtw_ref_pay_NSR_1340,2026-07-09 01:28:14,SETTLED
pay_NSR_1341,ord_live_1351,NET_BANKING,12507.0,15.0,2.7,CAPTURED,gtw_ref_pay_NSR_1341,2026-07-15 19:05:09,SETTLED
pay_NSR_1342,ord_live_1352,UPI,223.0,0.0,0.0,CAPTURED,gtw_ref_pay_NSR_1342,2026-08-05 03:59:47,SETTLED
pay_NSR_1343,ord_live_1353,NET_BANKING,18240.0,15.0,2.7,CAPTURED,gtw_ref_pay_NSR_1343,2026-07-03 20:48:42,SETTLED
pay_NSR_1344,ord_live_1354,UPI,951.0,0.0,0.0,CAPTURED,gtw_ref_pay_NSR_1344,2026-07-26 13:20:24,SETTLED
pay_NSR_1345,ord_live_1355,UPI,9384.0,0.0,0.0,CAPTURED,gtw_ref_pay_NSR_1345,2026-07-20 07:17:51,SETTLED
pay_NSR_1346,ord_live_1356,CARD,15648.0,312.96,56.33,CAPTURED,gtw_ref_pay_NSR_1346,2026-08-05 01:18:24,SETTLED
pay_NSR_1347,ord_live_1357,UPI,1423.0,0.0,0.0,CAPTURED,gtw_ref_pay_NSR_1347,2026-07-06 00:02:23,SETTLED
pay_NSR_1348,ord_live_1358,UPI,8241.0,0.0,0.0,CAPTURED,gtw_ref_pay_NSR_1348,2026-07-03 17:33:43,SETTLED
pay_NSR_1349,ord_live_1359,UPI,1658.0,0.0,0.0,CAPTURED,gtw_ref_pay_NSR_1349,2026-08-07 08:43:35,SETTLED
pay_NSR_1350,ord_live_1360,UPI,1956.0,0.0,0.0,CAPTURED,gtw_ref_pay_NSR_1350,2026-07-21 18:59:00,SETTLED
pay_NSR_1351,ord_live_1361,CARD,90377.0,1807.54,325.36,CAPTURED,gtw_ref_pay_NSR_1351,2026-08-17 01:04:15,SETTLED
pay_NSR_1352,ord_live_1362,UPI,56181.0,0.0,0.0,CAPTURED,gtw_ref_pay_NSR_1352,2026-07-20 18:31:29,SETTLED
pay_NSR_1353,ord_live_1363,UPI,1149.0,0.0,0.0,CAPTURED,gtw_ref_pay_NSR_1353,2026-07-31 23:15:51,SETTLED
pay_NSR_1354,ord_live_1364,UPI,44294.0,0.0,0.0,CAPTURED,gtw_ref_pay_NSR_1354,2026-07-20 22:07:36,SETTLED
pay_NSR_1355,ord_live_1365,CARD,633.0,12.66,2.28,CAPTURED,gtw_ref_pay_NSR_1355,2026-08-05 03:44:46,SETTLED
pay_NSR_1356,ord_live_1366,UPI,774.0,0.0,0.0,CAPTURED,gtw_ref_pay_NSR_1356,2026-07-14 21:42:53,SETTLED
pay_NSR_1357,ord_live_1367,UPI,13061.0,0.0,0.0,CAPTURED,gtw_ref_pay_NSR_1357,2026-07-17 00:51:41,SETTLED
pay_NSR_1358,ord_live_1368,CARD,1727.0,34.54,6.22,CAPTURED,gtw_ref_pay_NSR_1358,2026-07-22 14:15:46,SETTLED
pay_NSR_1359,ord_live_1369,CARD,55529.0,1110.58,199.9,CAPTURED,gtw_ref_pay_NSR_1359,2026-08-10 10:41:02,SETTLED
pay_NSR_1360,ord_live_1370,UPI,112.0,0.0,0.0,CAPTURED,gtw_ref_pay_NSR_1360,2026-07-26 14:00:40,SETTLED
pay_NSR_1361,ord_live_1371,CARD,2299.0,45.98,8.28,CAPTURED,gtw_ref_pay_NSR_1361,2026-07-14 01:30:23,SETTLED
pay_NSR_1362,ord_live_1372,WALLET,17833.0,267.5,48.15,CAPTURED,gtw_ref_pay_NSR_1362,2026-08-12 00:02:00,SETTLED
pay_NSR_1363,ord_live_1373,UPI,1578.0,0.0,0.0,CAPTURED,gtw_ref_pay_NSR_1363,2026-07-18 02:28:01,SETTLED
pay_NSR_1364,ord_live_1374,UPI,296.0,0.0,0.0,CAPTURED,gtw_ref_pay_NSR_1364,2026-08-02 13:19:12,SETTLED
pay_NSR_1365,ord_live_1375,CARD,911.0,18.22,3.28,CAPTURED,gtw_ref_pay_NSR_1365,2026-07-05 20:32:29,SETTLED
pay_NSR_1366,ord_live_1376,CARD,1499.0,29.98,5.4,CAPTURED,gtw_ref_pay_NSR_1366,2026-07-06 05:59:41,SETTLED
pay_NSR_1367,ord_live_1377,WALLET,871.0,13.06,2.35,CAPTURED,gtw_ref_pay_NSR_1367,2026-08-05 00:06:40,SETTLED
pay_NSR_1368,ord_live_1378,UPI,1122.0,0.0,0.0,CAPTURED,gtw_ref_pay_NSR_1368,2026-07-28 05:54:21,SETTLED
pay_NSR_1369,ord_live_1379,UPI,35057.0,0.0,0.0,CAPTURED,gtw_ref_pay_NSR_1369,2026-07-14 07:57:36,SETTLED
pay_NSR_1370,ord_live_1380,UPI,251.0,0.0,0.0,CAPTURED,gtw_ref_pay_NSR_1370,2026-08-12 18:01:34,SETTLED
pay_NSR_1371,ord_live_1381,CARD,40610.0,812.2,146.2,CAPTURED,gtw_ref_pay_NSR_1371,2026-07-01 15:43:09,SETTLED
pay_NSR_1372,ord_live_1382,WALLET,1253.0,18.79,3.38,CAPTURED,gtw_ref_pay_NSR_1372,2026-07-16 03:55:54,SETTLED
pay_NSR_1373,ord_live_1383,UPI,41740.0,0.0,0.0,CAPTURED,gtw_ref_pay_NSR_1373,2026-07-25 08:15:50,SETTLED
pay_NSR_1374,ord_live_1384,UPI,13333.0,0.0,0.0,CAPTURED,gtw_ref_pay_NSR_1374,2026-07-03 12:28:14,SETTLED
pay_NSR_1375,ord_live_1385,UPI,14999.0,0.0,0.0,CAPTURED,gtw_ref_pay_NSR_1375,2026-08-18 19:10:40,SETTLED
pay_NSR_1376,ord_live_1386,UPI,13659.0,0.0,0.0,CAPTURED,gtw_ref_pay_NSR_1376,2026-08-04 21:32:11,SETTLED
pay_NSR_1377,ord_live_1387,WALLET,11678.0,175.17,31.53,CAPTURED,gtw_ref_pay_NSR_1377,2026-07-16 07:12:05,SETTLED
pay_NSR_1378,ord_live_1388,UPI,1704.0,0.0,0.0,CAPTURED,gtw_ref_pay_NSR_1378,2026-08-09 13:50:24,SETTLED
pay_NSR_1379,ord_live_1389,UPI,109.0,0.0,0.0,CAPTURED,gtw_ref_pay_NSR_1379,2026-07-19 23:25:48,SETTLED
pay_NSR_1380,ord_live_1390,UPI,482.0,0.0,0.0,CAPTURED,gtw_ref_pay_NSR_1380,2026-07-27 23:37:35,SETTLED
pay_NSR_1381,ord_live_1391,NET_BANKING,823.0,15.0,2.7,CAPTURED,gtw_ref_pay_NSR_1381,2026-08-04 11:48:38,SETTLED
pay_NSR_1382,ord_live_1392,WALLET,946.0,14.19,2.55,CAPTURED,gtw_ref_pay_NSR_1382,2026-07-24 11:56:57,SETTLED
pay_NSR_1383,ord_live_1393,CARD,14475.0,289.5,52.11,CAPTURED,gtw_ref_pay_NSR_1383,2026-07-10 13:25:19,SETTLED
pay_NSR_1384,ord_live_1394,NET_BANKING,441.0,15.0,2.7,CAPTURED,gtw_ref_pay_NSR_1384,2026-07-27 17:27:19,SETTLED
pay_NSR_1385,ord_live_1395,UPI,604.0,0.0,0.0,CAPTURED,gtw_ref_pay_NSR_1385,2026-08-16 05:38:38,SETTLED
pay_NSR_1386,ord_live_1396,CARD,722.0,14.44,2.6,CAPTURED,gtw_ref_pay_NSR_1386,2026-06-30 21:25:53,SETTLED
pay_NSR_1387,ord_live_1397,WALLET,980.0,14.7,2.65,CAPTURED,gtw_ref_pay_NSR_1387,2026-08-11 04:17:19,SETTLED
pay_NSR_1388,ord_live_1398,CARD,33163.0,663.26,119.39,CAPTURED,gtw_ref_pay_NSR_1388,2026-07-30 19:16:25,SETTLED
pay_NSR_1389,ord_live_1399,UPI,18089.0,0.0,0.0,CAPTURED,gtw_ref_pay_NSR_1389,2026-08-05 16:26:24,SETTLED
pay_NSR_1390,ord_live_1400,WALLET,1253.0,18.79,3.38,CAPTURED,gtw_ref_pay_NSR_1390,2026-07-13 03:42:11,SETTLED
pay_NSR_1391,ord_live_1401,UPI,8869.0,0.0,0.0,CAPTURED,gtw_ref_pay_NSR_1391,2026-07-28 19:03:44,SETTLED
pay_NSR_1392,ord_live_1402,WALLET,6560.0,98.4,17.71,CAPTURED,gtw_ref_pay_NSR_1392,2026-08-09 18:19:16,SETTLED
pay_NSR_1393,ord_live_1403,UPI,871.0,0.0,0.0,CAPTURED,gtw_ref_pay_NSR_1393,2026-07-04 23:42:30,SETTLED
pay_NSR_1394,ord_live_1404,UPI,15706.0,0.0,0.0,CAPTURED,gtw_ref_pay_NSR_1394,2026-08-03 10:54:23,SETTLED
pay_NSR_1395,ord_live_1405,UPI,13632.0,0.0,0.0,CAPTURED,gtw_ref_pay_NSR_1395,2026-07-11 05:41:02,SETTLED
pay_NSR_1396,ord_live_1406,CARD,131421.0,2628.42,473.12,CAPTURED,gtw_ref_pay_NSR_1396,2026-07-06 09:14:16,SETTLED
pay_NSR_1397,ord_live_1407,CARD,9242.0,184.84,33.27,CAPTURED,gtw_ref_pay_NSR_1397,2026-07-28 20:34:29,SETTLED
pay_NSR_1398,ord_live_1408,UPI,138278.0,0.0,0.0,CAPTURED,gtw_ref_pay_NSR_1398,2026-07-06 18:32:58,SETTLED
pay_NSR_1399,ord_live_1409,NET_BANKING,67851.0,15.0,2.7,CAPTURED,gtw_ref_pay_NSR_1399,2026-07-09 20:27:21,SETTLED
pay_NSR_1400,ord_live_1410,UPI,13413.0,0.0,0.0,CAPTURED,gtw_ref_pay_NSR_1400,2026-07-30 12:32:46,SETTLED
pay_NSR_1401,ord_live_1411,UPI,190.0,0.0,0.0,CAPTURED,gtw_ref_pay_NSR_1401,2026-08-14 12:08:54,SETTLED
pay_NSR_1402,ord_live_1412,UPI,1737.0,0.0,0.0,CAPTURED,gtw_ref_pay_NSR_1402,2026-07-11 08:21:33,SETTLED
pay_NSR_1403,ord_live_1413,UPI,1245.0,0.0,0.0,CAPTURED,gtw_ref_pay_NSR_1403,2026-07-27 23:16:51,SETTLED
pay_NSR_1404,ord_live_1414,UPI,1410.0,0.0,0.0,CAPTURED,gtw_ref_pay_NSR_1404,2026-08-11 22:26:01,SETTLED
pay_NSR_1405,ord_live_1415,UPI,14741.0,0.0,0.0,CAPTURED,gtw_ref_pay_NSR_1405,2026-07-01 07:15:13,SETTLED
pay_NSR_1406,ord_live_1416,CARD,24100.0,482.0,86.76,CAPTURED,gtw_ref_pay_NSR_1406,2026-08-05 12:56:55,SETTLED
pay_NSR_1407,ord_live_1417,UPI,1036.0,0.0,0.0,CAPTURED,gtw_ref_pay_NSR_1407,2026-07-07 17:47:55,SETTLED
pay_NSR_1408,ord_live_1418,UPI,116079.0,0.0,0.0,CAPTURED,gtw_ref_pay_NSR_1408,2026-08-07 21:42:25,SETTLED
pay_NSR_1409,ord_live_1419,UPI,1036.0,0.0,0.0,CAPTURED,gtw_ref_pay_NSR_1409,2026-08-08 14:58:43,SETTLED
pay_NSR_1410,ord_live_1420,UPI,6389.0,0.0,0.0,CAPTURED,gtw_ref_pay_NSR_1410,2026-07-20 12:18:19,SETTLED
pay_NSR_1411,ord_live_1421,WALLET,388.0,5.82,1.05,CAPTURED,gtw_ref_pay_NSR_1411,2026-08-01 21:30:38,SETTLED
pay_NSR_1412,ord_live_1422,NET_BANKING,479.0,15.0,2.7,CAPTURED,gtw_ref_pay_NSR_1412,2026-08-01 05:43:44,SETTLED
pay_NSR_1413,ord_live_1423,UPI,690.0,0.0,0.0,CAPTURED,gtw_ref_pay_NSR_1413,2026-07-08 14:23:53,SETTLED
pay_NSR_1414,ord_live_1424,UPI,834.0,0.0,0.0,CAPTURED,gtw_ref_pay_NSR_1414,2026-07-01 00:16:12,SETTLED
pay_NSR_1415,ord_live_1425,UPI,18219.0,0.0,0.0,CAPTURED,gtw_ref_pay_NSR_1415,2026-07-27 06:37:26,SETTLED
pay_NSR_1416,ord_live_1426,UPI,1256.0,0.0,0.0,CAPTURED,gtw_ref_pay_NSR_1416,2026-07-01 16:28:02,SETTLED
pay_NSR_1417,ord_live_1427,UPI,7511.0,0.0,0.0,CAPTURED,gtw_ref_pay_NSR_1417,2026-08-18 23:39:47,SETTLED
pay_NSR_1418,ord_live_1428,NET_BANKING,5742.0,15.0,2.7,CAPTURED,gtw_ref_pay_NSR_1418,2026-07-18 03:00:23,SETTLED
pay_NSR_1419,ord_live_1429,UPI,546.0,0.0,0.0,CAPTURED,gtw_ref_pay_NSR_1419,2026-07-27 12:53:53,SETTLED
pay_NSR_1420,ord_live_1430,UPI,22112.0,0.0,0.0,CAPTURED,gtw_ref_pay_NSR_1420,2026-07-28 17:31:55,SETTLED
pay_NSR_1421,ord_live_1431,UPI,27693.0,0.0,0.0,CAPTURED,gtw_ref_pay_NSR_1421,2026-08-18 16:15:51,SETTLED
pay_NSR_1422,ord_live_1432,UPI,16030.0,0.0,0.0,CAPTURED,gtw_ref_pay_NSR_1422,2026-07-11 04:18:50,SETTLED
pay_NSR_1423,ord_live_1433,UPI,57360.0,0.0,0.0,CAPTURED,gtw_ref_pay_NSR_1423,2026-07-23 02:22:38,SETTLED
pay_NSR_1424,ord_live_1434,CARD,113357.0,2267.14,408.09,CAPTURED,gtw_ref_pay_NSR_1424,2026-07-19 03:25:54,SETTLED
pay_NSR_1425,ord_live_1435,UPI,128949.0,0.0,0.0,CAPTURED,gtw_ref_pay_NSR_1425,2026-07-03 18:00:41,SETTLED
pay_NSR_1426,ord_live_1436,NET_BANKING,36362.0,15.0,2.7,CAPTURED,gtw_ref_pay_NSR_1426,2026-07-10 07:26:53,SETTLED
pay_NSR_1427,ord_live_1437,CARD,390.0,7.8,1.4,CAPTURED,gtw_ref_pay_NSR_1427,2026-08-06 05:19:40,SETTLED
pay_NSR_1428,ord_live_1438,UPI,5050.0,0.0,0.0,CAPTURED,gtw_ref_pay_NSR_1428,2026-07-26 01:53:17,SETTLED
pay_NSR_1429,ord_live_1439,CARD,117899.0,2357.98,424.44,CAPTURED,gtw_ref_pay_NSR_1429,2026-08-06 10:05:49,SETTLED
pay_NSR_1430,ord_live_1440,UPI,121953.0,0.0,0.0,CAPTURED,gtw_ref_pay_NSR_1430,2026-07-05 02:33:13,SETTLED
pay_NSR_1431,ord_live_1441,UPI,12579.0,0.0,0.0,CAPTURED,gtw_ref_pay_NSR_1431,2026-07-18 19:43:36,SETTLED
pay_NSR_1432,ord_live_1442,UPI,71662.0,0.0,0.0,CAPTURED,gtw_ref_pay_NSR_1432,2026-07-22 06:49:03,SETTLED
pay_NSR_1433,ord_live_1443,CARD,17059.0,341.18,61.41,CAPTURED,gtw_ref_pay_NSR_1433,2026-07-01 13:01:54,SETTLED
pay_NSR_1434,ord_live_1444,UPI,16018.0,0.0,0.0,CAPTURED,gtw_ref_pay_NSR_1434,2026-07-13 08:00:08,SETTLED
pay_NSR_1435,ord_live_1445,UPI,37958.0,0.0,0.0,CAPTURED,gtw_ref_pay_NSR_1435,2026-07-06 05:24:16,SETTLED
pay_NSR_1436,ord_live_1446,CARD,7423.0,148.46,26.72,CAPTURED,gtw_ref_pay_NSR_1436,2026-07-03 21:42:19,SETTLED
pay_NSR_1437,ord_live_1447,CARD,5118.0,102.36,18.42,CAPTURED,gtw_ref_pay_NSR_1437,2026-06-30 15:32:04,SETTLED
pay_NSR_1438,ord_live_1448,UPI,1491.0,0.0,0.0,CAPTURED,gtw_ref_pay_NSR_1438,2026-07-28 09:04:44,SETTLED
pay_NSR_1439,ord_live_1449,CARD,130354.0,2607.08,469.27,CAPTURED,gtw_ref_pay_NSR_1439,2026-08-13 13:33:04,SETTLED
pay_NSR_1440,ord_live_1450,UPI,1749.0,0.0,0.0,CAPTURED,gtw_ref_pay_NSR_1440,2026-07-06 12:26:23,SETTLED
pay_NSR_1441,ord_live_1451,UPI,1764.0,0.0,0.0,CAPTURED,gtw_ref_pay_NSR_1441,2026-08-17 13:50:43,SETTLED
pay_NSR_1442,ord_live_1452,UPI,2277.0,0.0,0.0,CAPTURED,gtw_ref_pay_NSR_1442,2026-08-09 05:19:28,SETTLED
pay_NSR_1443,ord_live_1453,CARD,1631.0,32.62,5.87,CAPTURED,gtw_ref_pay_NSR_1443,2026-07-09 22:49:43,SETTLED
pay_NSR_1444,ord_live_1454,CARD,304.0,6.08,1.09,CAPTURED,gtw_ref_pay_NSR_1444,2026-07-08 12:46:46,SETTLED
pay_NSR_1445,ord_live_1455,UPI,116223.0,0.0,0.0,CAPTURED,gtw_ref_pay_NSR_1445,2026-08-19 13:19:17,SETTLED
pay_NSR_1446,ord_live_1456,UPI,11336.0,0.0,0.0,CAPTURED,gtw_ref_pay_NSR_1446,2026-08-19 07:08:54,SETTLED
pay_NSR_1447,ord_live_1457,UPI,18696.0,0.0,0.0,CAPTURED,gtw_ref_pay_NSR_1447,2026-07-13 08:26:18,SETTLED
pay_NSR_1448,ord_live_1458,UPI,5694.0,0.0,0.0,CAPTURED,gtw_ref_pay_NSR_1448,2026-07-16 00:48:38,SETTLED
pay_NSR_1449,ord_live_1459,CARD,20790.0,415.8,74.84,CAPTURED,gtw_ref_pay_NSR_1449,2026-07-23 19:16:24,SETTLED
pay_NSR_1450,ord_live_1460,UPI,7661.0,0.0,0.0,CAPTURED,gtw_ref_pay_NSR_1450,2026-08-18 00:56:04,SETTLED
pay_NSR_1451,ord_live_1461,UPI,635.0,0.0,0.0,CAPTURED,gtw_ref_pay_NSR_1451,2026-07-13 11:00:03,SETTLED
pay_NSR_1452,ord_live_1462,UPI,1558.0,0.0,0.0,CAPTURED,gtw_ref_pay_NSR_1452,2026-08-01 22:36:44,SETTLED
pay_NSR_1453,ord_live_1463,UPI,19617.0,0.0,0.0,CAPTURED,gtw_ref_pay_NSR_1453,2026-08-08 13:24:05,SETTLED
pay_NSR_1454,ord_live_1464,UPI,8658.0,0.0,0.0,CAPTURED,gtw_ref_pay_NSR_1454,2026-07-10 02:27:25,SETTLED
pay_NSR_1455,ord_live_1465,UPI,9819.0,0.0,0.0,CAPTURED,gtw_ref_pay_NSR_1455,2026-07-03 16:15:59,SETTLED
pay_NSR_1456,ord_live_1466,UPI,3803.0,0.0,0.0,CAPTURED,gtw_ref_pay_NSR_1456,2026-07-20 06:56:42,SETTLED
pay_NSR_1457,ord_live_1467,UPI,380.0,0.0,0.0,CAPTURED,gtw_ref_pay_NSR_1457,2026-08-13 09:12:31,SETTLED
pay_NSR_1458,ord_live_1468,UPI,10495.0,0.0,0.0,CAPTURED,gtw_ref_pay_NSR_1458,2026-07-10 20:16:47,SETTLED
pay_NSR_1459,ord_live_1469,UPI,70556.0,0.0,0.0,CAPTURED,gtw_ref_pay_NSR_1459,2026-07-01 20:01:27,SETTLED
pay_NSR_1460,ord_live_1470,UPI,1557.0,0.0,0.0,CAPTURED,gtw_ref_pay_NSR_1460,2026-08-06 05:07:31,SETTLED
pay_NSR_1461,ord_live_1471,UPI,1122.0,0.0,0.0,CAPTURED,gtw_ref_pay_NSR_1461,2026-08-05 14:25:10,SETTLED
pay_NSR_1462,ord_live_1472,UPI,64179.0,0.0,0.0,CAPTURED,gtw_ref_pay_NSR_1462,2026-08-15 12:22:47,SETTLED
pay_NSR_1463,ord_live_1473,UPI,20805.0,0.0,0.0,CAPTURED,gtw_ref_pay_NSR_1463,2026-07-15 10:31:23,SETTLED
pay_NSR_1464,ord_live_1474,UPI,1855.0,0.0,0.0,CAPTURED,gtw_ref_pay_NSR_1464,2026-07-03 02:56:58,SETTLED
pay_NSR_1465,ord_live_1475,UPI,951.0,0.0,0.0,CAPTURED,gtw_ref_pay_NSR_1465,2026-08-15 19:18:52,SETTLED
pay_NSR_1466,ord_live_1476,NET_BANKING,1127.0,15.0,2.7,CAPTURED,gtw_ref_pay_NSR_1466,2026-08-12 10:14:14,SETTLED
pay_NSR_1467,ord_live_1477,CARD,1051.0,21.02,3.78,CAPTURED,gtw_ref_pay_NSR_1467,2026-07-18 18:22:05,SETTLED
pay_NSR_1468,ord_live_1478,UPI,696.0,0.0,0.0,CAPTURED,gtw_ref_pay_NSR_1468,2026-08-05 18:52:39,SETTLED
pay_NSR_1469,ord_live_1479,UPI,1109.0,0.0,0.0,CAPTURED,gtw_ref_pay_NSR_1469,2026-08-18 15:50:57,SETTLED
pay_NSR_1470,ord_live_1480,UPI,938.0,0.0,0.0,CAPTURED,gtw_ref_pay_NSR_1470,2026-07-01 16:35:22,SETTLED
pay_NSR_1471,ord_live_1481,CARD,1445.0,28.9,5.2,CAPTURED,gtw_ref_pay_NSR_1471,2026-07-25 08:48:19,SETTLED
pay_NSR_1472,ord_live_1482,UPI,9804.0,0.0,0.0,CAPTURED,gtw_ref_pay_NSR_1472,2026-07-27 00:08:09,SETTLED
pay_NSR_1473,ord_live_1483,CARD,573.0,11.46,2.06,CAPTURED,gtw_ref_pay_NSR_1473,2026-08-02 22:45:57,SETTLED
pay_NSR_1474,ord_live_1484,UPI,86129.0,0.0,0.0,CAPTURED,gtw_ref_pay_NSR_1474,2026-08-06 12:40:08,SETTLED
pay_NSR_1475,ord_live_1485,UPI,4040.0,0.0,0.0,CAPTURED,gtw_ref_pay_NSR_1475,2026-07-28 06:09:15,SETTLED
pay_NSR_1476,ord_live_1486,WALLET,72482.0,1087.23,195.7,CAPTURED,gtw_ref_pay_NSR_1476,2026-07-26 07:57:47,SETTLED
pay_NSR_1477,ord_live_1487,UPI,9654.0,0.0,0.0,CAPTURED,gtw_ref_pay_NSR_1477,2026-07-04 15:11:49,SETTLED
pay_NSR_1478,ord_live_1488,UPI,1019.0,0.0,0.0,CAPTURED,gtw_ref_pay_NSR_1478,2026-07-29 19:30:07,SETTLED
pay_NSR_1479,ord_live_1489,CARD,17182.0,343.64,61.86,CAPTURED,gtw_ref_pay_NSR_1479,2026-07-16 12:13:10,SETTLED
pay_NSR_1480,ord_live_1490,UPI,3321.0,0.0,0.0,CAPTURED,gtw_ref_pay_NSR_1480,2026-07-13 19:11:05,SETTLED
pay_NSR_1481,ord_live_1491,UPI,199.0,0.0,0.0,CAPTURED,gtw_ref_pay_NSR_1481,2026-08-12 18:26:52,SETTLED
pay_NSR_1482,ord_live_1492,UPI,134271.0,0.0,0.0,CAPTURED,gtw_ref_pay_NSR_1482,2026-08-05 08:38:15,SETTLED
pay_NSR_1483,ord_live_1493,UPI,1724.0,0.0,0.0,CAPTURED,gtw_ref_pay_NSR_1483,2026-07-08 12:04:03,SETTLED
pay_NSR_1484,ord_live_1494,CARD,919.0,18.38,3.31,CAPTURED,gtw_ref_pay_NSR_1484,2026-07-24 06:46:41,SETTLED
pay_NSR_1485,ord_live_1495,UPI,4457.0,0.0,0.0,CAPTURED,gtw_ref_pay_NSR_1485,2026-07-01 11:19:57,SETTLED
pay_NSR_1486,ord_live_1496,UPI,1834.0,0.0,0.0,CAPTURED,gtw_ref_pay_NSR_1486,2026-07-21 12:03:29,SETTLED
pay_NSR_1487,ord_live_1497,CARD,48387.0,967.74,174.19,CAPTURED,gtw_ref_pay_NSR_1487,2026-08-15 21:40:01,SETTLED
pay_NSR_1488,ord_live_1498,CARD,823.0,16.46,2.96,CAPTURED,gtw_ref_pay_NSR_1488,2026-07-13 14:26:17,SETTLED
pay_NSR_1489,ord_live_1499,CARD,1367.0,27.34,4.92,CAPTURED,gtw_ref_pay_NSR_1489,2026-08-08 16:46:18,SETTLED
pay_NSR_1490,ord_live_1500,UPI,51393.0,0.0,0.0,CAPTURED,gtw_ref_pay_NSR_1490,2026-07-03 11:26:24,SETTLED
pay_NSR_1491,ord_ghost_9001,UPI,638.0,0.0,0.0,CAPTURED,gtw_ref_pay_NSR_1491,2026-08-03 20:29:00,SETTLED
pay_NSR_1492,ord_ghost_9002,UPI,18579.0,0.0,0.0,CAPTURED,gtw_ref_pay_NSR_1492,2026-07-25 08:11:56,SETTLED
pay_NSR_1493,ord_ghost_9003,UPI,1853.0,0.0,0.0,CAPTURED,gtw_ref_pay_NSR_1493,2026-07-24 04:15:20,SETTLED
pay_NSR_1494,ord_ghost_9004,UPI,19660.0,0.0,0.0,CAPTURED,gtw_ref_pay_NSR_1494,2026-07-24 15:33:43,SETTLED
pay_NSR_1495,ord_ghost_9005,UPI,7050.0,0.0,0.0,CAPTURED,gtw_ref_pay_NSR_1495,2026-08-08 18:20:26,SETTLED
pay_NSR_1496,ord_ghost_9006,UPI,5619.0,0.0,0.0,CAPTURED,gtw_ref_pay_NSR_1496,2026-07-07 01:42:04,SETTLED
pay_NSR_1497,ord_ghost_9007,UPI,364.0,0.0,0.0,CAPTURED,gtw_ref_pay_NSR_1497,2026-07-11 10:12:06,SETTLED
pay_NSR_1498,ord_ghost_9008,UPI,5235.0,0.0,0.0,CAPTURED,gtw_ref_pay_NSR_1498,2026-07-03 03:41:53,SETTLED
pay_NSR_1499,ord_ghost_9009,UPI,1102.0,0.0,0.0,CAPTURED,gtw_ref_pay_NSR_1499,2026-08-03 04:44:37,SETTLED
pay_NSR_1500,ord_ghost_9010,UPI,849.0,0.0,0.0,CAPTURED,gtw_ref_pay_NSR_1500,2026-07-15 04:45:04,SETTLED
pay_NSR_1501,ord_ghost_9011,UPI,1985.0,0.0,0.0,CAPTURED,gtw_ref_pay_NSR_1501,2026-07-14 05:31:59,SETTLED
pay_NSR_1502,ord_ghost_9012,UPI,25240.0,0.0,0.0,CAPTURED,gtw_ref_pay_NSR_1502,2026-07-30 05:03:23,SETTLED
pay_NSR_1503,ord_ghost_9013,UPI,15629.0,0.0,0.0,CAPTURED,gtw_ref_pay_NSR_1503,2026-07-24 07:03:52,SETTLED
pay_NSR_1504,ord_ghost_9014,UPI,19334.0,0.0,0.0,CAPTURED,gtw_ref_pay_NSR_1504,2026-07-03 08:04:53,SETTLED
pay_NSR_1505,ord_ghost_9015,UPI,541.0,0.0,0.0,CAPTURED,gtw_ref_pay_NSR_1505,2026-08-02 12:06:46,SETTLED
pay_NSR_1506,ord_ghost_9016,UPI,888.0,0.0,0.0,CAPTURED,gtw_ref_pay_NSR_1506,2026-07-12 15:33:42,SETTLED
pay_NSR_1507,ord_ghost_9017,UPI,1379.0,0.0,0.0,CAPTURED,gtw_ref_pay_NSR_1507,2026-07-12 02:47:35,SETTLED
pay_NSR_1508,ord_ghost_9018,UPI,315.0,0.0,0.0,CAPTURED,gtw_ref_pay_NSR_1508,2026-08-19 05:36:22,SETTLED
pay_NSR_1509,ord_ghost_9019,UPI,15994.0,0.0,0.0,CAPTURED,gtw_ref_pay_NSR_1509,2026-07-06 14:50:11,SETTLED
pay_NSR_1510,ord_ghost_9020,UPI,18537.0,0.0,0.0,CAPTURED,gtw_ref_pay_NSR_1510,2026-07-22 06:10:34,SETTLED
pay_NSR_1511,ord_ghost_9021,UPI,133067.0,0.0,0.0,CAPTURED,gtw_ref_pay_NSR_1511,2026-07-22 19:35:20,SETTLED
pay_NSR_1512,ord_ghost_9022,UPI,47023.0,0.0,0.0,CAPTURED,gtw_ref_pay_NSR_1512,2026-08-18 05:27:52,SETTLED
pay_NSR_1513,ord_ghost_9023,UPI,9887.0,0.0,0.0,CAPTURED,gtw_ref_pay_NSR_1513,2026-08-06 02:13:24,SETTLED
pay_NSR_1514,ord_ghost_9024,UPI,10325.0,0.0,0.0,CAPTURED,gtw_ref_pay_NSR_1514,2026-07-23 23:28:25,SETTLED
pay_NSR_1515,ord_ghost_9025,UPI,169.0,0.0,0.0,CAPTURED,gtw_ref_pay_NSR_1515,2026-07-19 04:01:33,SETTLED
pay_NSR_1516,ord_ghost_9026,UPI,1922.0,0.0,0.0,CAPTURED,gtw_ref_pay_NSR_1516,2026-07-19 09:19:14,SETTLED
pay_NSR_1517,ord_ghost_9027,UPI,743.0,0.0,0.0,CAPTURED,gtw_ref_pay_NSR_1517,2026-07-02 07:52:17,SETTLED
pay_NSR_1518,ord_ghost_9028,UPI,53506.0,0.0,0.0,CAPTURED,gtw_ref_pay_NSR_1518,2026-08-05 03:59:36,SETTLED
pay_NSR_1519,ord_ghost_9029,UPI,176.0,0.0,0.0,CAPTURED,gtw_ref_pay_NSR_1519,2026-07-29 20:09:08,SETTLED
pay_NSR_1520,ord_ghost_9030,UPI,1920.0,0.0,0.0,CAPTURED,gtw_ref_pay_NSR_1520,2026-08-06 16:14:16,SETTLED
pay_NSR_1521,ord_ghost_9031,UPI,26023.0,0.0,0.0,CAPTURED,gtw_ref_pay_NSR_1521,2026-08-05 21:36:58,SETTLED
pay_NSR_1522,ord_ghost_9032,UPI,257.0,0.0,0.0,CAPTURED,gtw_ref_pay_NSR_1522,2026-08-15 19:50:30,SETTLED
pay_NSR_1523,ord_ghost_9033,UPI,1790.0,0.0,0.0,CAPTURED,gtw_ref_pay_NSR_1523,2026-08-14 07:36:52,SETTLED
pay_NSR_1524,ord_ghost_9034,UPI,59009.0,0.0,0.0,CAPTURED,gtw_ref_pay_NSR_1524,2026-08-10 18:02:46,SETTLED
pay_NSR_1525,ord_ghost_9035,UPI,45005.0,0.0,0.0,CAPTURED,gtw_ref_pay_NSR_1525,2026-07-05 10:58:49,SETTLED
pay_NSR_1526,ord_ghost_9036,UPI,1900.0,0.0,0.0,CAPTURED,gtw_ref_pay_NSR_1526,2026-07-27 22:59:55,SETTLED
pay_NSR_1527,ord_ghost_9037,UPI,1676.0,0.0,0.0,CAPTURED,gtw_ref_pay_NSR_1527,2026-07-15 08:41:54,SETTLED
pay_NSR_1528,ord_ghost_9038,UPI,2374.0,0.0,0.0,CAPTURED,gtw_ref_pay_NSR_1528,2026-08-10 05:24:03,SETTLED
pay_NSR_1529,ord_ghost_9039,UPI,183.0,0.0,0.0,CAPTURED,gtw_ref_pay_NSR_1529,2026-07-21 02:36:09,SETTLED
pay_NSR_1530,ord_ghost_9040,UPI,1528.0,0.0,0.0,CAPTURED,gtw_ref_pay_NSR_1530,2026-07-14 13:03:43,SETTLED
pay_NSR_1531,ord_ghost_9041,UPI,14873.0,0.0,0.0,CAPTURED,gtw_ref_pay_NSR_1531,2026-07-29 04:36:32,SETTLED
pay_NSR_1532,ord_ghost_9042,UPI,983.0,0.0,0.0,CAPTURED,gtw_ref_pay_NSR_1532,2026-07-18 21:09:08,SETTLED
pay_NSR_1533,ord_ghost_9043,UPI,1073.0,0.0,0.0,CAPTURED,gtw_ref_pay_NSR_1533,2026-08-06 08:03:35,SETTLED
pay_NSR_1534,ord_ghost_9044,UPI,273.0,0.0,0.0,CAPTURED,gtw_ref_pay_NSR_1534,2026-07-26 01:27:49,SETTLED
pay_NSR_1535,ord_ghost_9045,UPI,6419.0,0.0,0.0,CAPTURED,gtw_ref_pay_NSR_1535,2026-07-31 02:12:31,SETTLED
pay_NSR_1536,ord_ghost_9046,UPI,1269.0,0.0,0.0,CAPTURED,gtw_ref_pay_NSR_1536,2026-07-13 02:39:47,SETTLED
pay_NSR_1537,ord_ghost_9047,UPI,9940.0,0.0,0.0,CAPTURED,gtw_ref_pay_NSR_1537,2026-07-04 17:49:27,SETTLED
pay_NSR_1538,ord_ghost_9048,UPI,1991.0,0.0,0.0,CAPTURED,gtw_ref_pay_NSR_1538,2026-08-05 11:07:42,SETTLED
pay_NSR_1539,ord_ghost_9049,UPI,847.0,0.0,0.0,CAPTURED,gtw_ref_pay_NSR_1539,2026-07-22 15:20:22,SETTLED
pay_NSR_1540,ord_ghost_9050,UPI,2793.0,0.0,0.0,CAPTURED,gtw_ref_pay_NSR_1540,2026-08-18 18:10:22,SETTLED
