settlement_id,utr,payment_id,gross_amount,fee_amount,tax_amount,net_amount,bank_account,settlement_time,status
set_live_1031,RATN000500000000031,pay_live_1031,1319.0,15.0,2.7,951.3,HDFC0000123 / 50100293810291,2026-08-01 05:20:11,SETTLED
set_live_1032,RATN000500000000032,pay_live_1032,1319.0,15.0,2.7,951.3,HDFC0000123 / 50100293810291,2026-08-01 02:22:11,SETTLED
set_live_1033,RATN000500000000033,pay_live_1033,19595.0,391.9,70.54,18782.56,HDFC0000123 / 50100293810291,2026-08-19 22:50:04,SETTLED
set_live_1034,RATN000500000000034,pay_live_1034,19595.0,391.9,70.54,18782.56,HDFC0000123 / 50100293810291,2026-08-19 20:52:04,SETTLED
set_live_1035,RATN000500000000035,pay_live_1035,1028.0,15.42,2.78,659.8,HDFC0000123 / 50100293810291,2026-07-03 12:59:08,SETTLED
set_live_1036,RATN000500000000036,pay_live_1036,1028.0,15.42,2.78,659.8,HDFC0000123 / 50100293810291,2026-07-03 13:01:08,SETTLED
set_live_1037,RATN000500000000037,pay_live_1037,5486.0,0.0,0.0,5136.0,HDFC0000123 / 50100293810291,2026-08-11 19:54:08,SETTLED
set_live_1038,RATN000500000000038,pay_live_1038,5486.0,0.0,0.0,5136.0,HDFC0000123 / 50100293810291,2026-08-11 20:56:08,SETTLED
set_live_1039,RATN000500000000039,pay_live_1039,19674.0,295.11,53.12,18975.77,HDFC0000123 / 50100293810291,2026-08-21 03:59:47,SETTLED
set_live_1040,RATN000500000000040,pay_live_1040,19674.0,295.11,53.12,18975.77,HDFC0000123 / 50100293810291,2026-08-21 07:01:47,SETTLED
set_live_1041,RATN000500000000041,pay_live_1041,505.2,10.1,1.82,143.28,HDFC0000123 / 50100293810291,2026-07-21 20:07:58,SETTLED
set_live_1042,RATN000500000000042,pay_live_1042,41907.6,838.15,150.87,40568.58,HDFC0000123 / 50100293810291,2026-08-05 18:11:55,SETTLED
set_live_1043,RATN000500000000043,pay_live_1043,1131.0,0.0,0.0,781.0,HDFC0000123 / 50100293810291,2026-08-10 01:15:36,SETTLED
set_live_1044,RATN000500000000044,pay_live_1044,884.4,17.69,3.18,513.53,HDFC0000123 / 50100293810291,2026-08-12 22:33:52,SETTLED
set_live_1045,RATN000500000000045,pay_live_1045,474.6,0.0,0.0,124.6,HDFC0000123 / 50100293810291,2026-07-04 08:39:25,SETTLED
set_live_1046,RATN000500000000046,pay_live_1046,4714.8,94.3,16.97,4603.53,HDFC0000123 / 50100293810291,2026-07-26 16:01:58,SETTLED
set_live_1047,RATN000500000000047,pay_live_1047,1762.8,15.0,2.7,1745.1,HDFC0000123 / 50100293810291,2026-08-12 19:37:09,SETTLED
set_live_1048,RATN000500000000048,pay_live_1048,38973.6,0.0,0.0,38973.6,HDFC0000123 / 50100293810291,2026-07-18 16:45:38,SETTLED
set_live_1049,RATN000500000000049,pay_live_1049,4530.0,90.6,16.31,4423.09,HDFC0000123 / 50100293810291,2026-08-25 09:43:53,SETTLED
set_live_1050,RATN000500000000050,pay_live_1050,32593.2,651.86,117.33,31824.01,HDFC0000123 / 50100293810291,2026-07-27 19:15:33,SETTLED
set_live_1051,RATN000500000000051,pay_live_1051,1046.0,0.0,0.0,1046.0,HDFC0000123 / 50100293810291,2026-07-27 15:31:31,SETTLED
set_live_1052,RATN000500000000052,pay_live_1052,76935.0,15.0,2.7,76917.3,HDFC0000123 / 50100293810291,2026-07-17 20:14:36,SETTLED
set_live_1053,RATN000500000000053,pay_live_1053,23842.0,15.0,2.7,23824.3,HDFC0000123 / 50100293810291,2026-07-23 01:01:10,SETTLED
set_live_1054,RATN000500000000054,pay_live_1054,1525.0,15.0,2.7,1507.3,HDFC0000123 / 50100293810291,2026-08-28 06:47:11,SETTLED
set_live_1055,RATN000500000000055,pay_live_1055,218.0,15.0,2.7,200.3,HDFC0000123 / 50100293810291,2026-08-19 12:37:28,SETTLED
set_live_1056,RATN000500000000056,pay_live_1056,18477.0,0.0,0.0,18477.0,HDFC0000123 / 50100293810291,2026-08-14 18:04:09,SETTLED
set_live_1057,RATN000500000000057,pay_live_1057,238.0,0.0,0.0,238.0,HDFC0000123 / 50100293810291,2026-08-24 20:26:59,SETTLED
set_live_1058,RATN000500000000058,pay_live_1058,266.0,0.0,0.0,266.0,HDFC0000123 / 50100293810291,2026-08-08 10:41:40,SETTLED
set_live_1059,RATN000500000000059,pay_live_1059,12295.0,0.0,0.0,12295.0,HDFC0000123 / 50100293810291,2026-07-27 21:26:50,SETTLED
set_live_1060,RATN000500000000060,pay_live_1060,24754.0,0.0,0.0,24754.0,HDFC0000123 / 50100293810291,2026-07-13 03:42:36,SETTLED
set_live_dup_1062,RATN000500000000062,pay_live_1061,642.0,9.63,1.73,630.64,HDFC0000123 / 50100293810291,2026-07-12 00:58:54,SETTLED_DUPLICATE
set_live_dup_1064,RATN000500000000064,pay_live_1062,1806.0,0.0,0.0,1806.0,HDFC0000123 / 50100293810291,2026-08-07 12:23:40,SETTLED_DUPLICATE
set_live_dup_1066,RATN000500000000066,pay_live_1063,1457.0,0.0,0.0,1457.0,HDFC0000123 / 50100293810291,2026-07-09 16:17:43,SETTLED_DUPLICATE
set_live_dup_1068,RATN000500000000068,pay_live_1064,676.0,13.52,2.43,660.05,HDFC0000123 / 50100293810291,2026-08-10 18:49:41,SETTLED_DUPLICATE
set_live_dup_1070,RATN000500000000070,pay_live_1065,53122.0,1062.44,191.24,51868.32,HDFC0000123 / 50100293810291,2026-08-03 21:58:53,SETTLED_DUPLICATE
set_live_dup_1072,RATN000500000000072,pay_live_1066,665.0,13.3,2.39,649.31,HDFC0000123 / 50100293810291,2026-07-05 13:25:38,SETTLED_DUPLICATE
set_live_dup_1074,RATN000500000000074,pay_live_1067,1003.0,0.0,0.0,1003.0,HDFC0000123 / 50100293810291,2026-08-08 11:31:49,SETTLED_DUPLICATE
set_live_dup_1076,RATN000500000000076,pay_live_1068,65286.0,0.0,0.0,65286.0,HDFC0000123 / 50100293810291,2026-07-13 03:07:36,SETTLED_DUPLICATE
set_live_dup_1078,RATN000500000000078,pay_live_1069,360.0,7.2,1.3,351.5,HDFC0000123 / 50100293810291,2026-07-05 19:24:14,SETTLED_DUPLICATE
set_live_dup_1080,RATN000500000000080,pay_live_1070,5368.0,107.36,19.32,5241.32,HDFC0000123 / 50100293810291,2026-07-26 06:01:36,SETTLED_DUPLICATE
set_live_1081,RATN000500000000081,pay_live_1071,35514.0,0.0,0.0,0.0,HDFC0000123 / 50100293810291,2026-07-12 19:56:38,REFUND_DEDUCTED_FLAT
set_live_1082,RATN000500000000082,pay_live_1072,15491.0,309.82,55.77,0.0,HDFC0000123 / 50100293810291,2026-08-14 09:53:20,REFUND_DEDUCTED_FLAT
set_live_1083,RATN000500000000083,pay_live_1073,178.0,15.0,2.7,0.0,HDFC0000123 / 50100293810291,2026-08-01 21:15:41,REFUND_DEDUCTED_FLAT
set_live_1084,RATN000500000000084,pay_live_1074,34915.0,0.0,0.0,0.0,HDFC0000123 / 50100293810291,2026-07-16 11:46:39,REFUND_DEDUCTED_FLAT
set_live_1085,RATN000500000000085,pay_live_1075,70680.0,0.0,0.0,0.0,HDFC0000123 / 50100293810291,2026-07-19 23:42:15,REFUND_DEDUCTED_FLAT
set_live_1086,RATN000500000000086,pay_live_1076,155.0,0.0,0.0,0.0,HDFC0000123 / 50100293810291,2026-07-09 18:14:15,REFUND_DEDUCTED_FLAT
set_live_1087,RATN000500000000087,pay_live_1077,13327.0,266.54,47.98,0.0,HDFC0000123 / 50100293810291,2026-08-17 22:32:16,REFUND_DEDUCTED_FLAT
set_live_1088,RATN000500000000088,pay_live_1078,189.0,0.0,0.0,0.0,HDFC0000123 / 50100293810291,2026-08-17 00:01:51,REFUND_DEDUCTED_FLAT
set_live_1089,RATN000500000000089,pay_live_1079,1459.0,21.88,3.94,0.0,HDFC0000123 / 50100293810291,2026-07-24 06:25:02,REFUND_DEDUCTED_FLAT
set_live_1090,RATN000500000000090,pay_live_1080,15382.0,307.64,55.38,0.0,HDFC0000123 / 50100293810291,2026-07-23 00:45:52,REFUND_DEDUCTED_FLAT
set_live_1116,RATN000500000000116,pay_live_1106,1513.0,22.7,4.09,1486.21,HDFC0000123 / 50100293810291,2026-08-11 18:11:15,SETTLED
set_live_1117,RATN000500000000117,pay_live_1107,72181.0,1443.62,259.85,70477.53,HDFC0000123 / 50100293810291,2026-08-07 11:23:35,SETTLED
set_live_1118,RATN000500000000118,pay_live_1108,1425.0,28.5,5.13,1391.37,HDFC0000123 / 50100293810291,2026-07-23 12:58:29,SETTLED
set_live_1119,RATN000500000000119,pay_live_1109,135259.0,0.0,0.0,135259.0,HDFC0000123 / 50100293810291,2026-08-16 17:27:46,SETTLED
set_live_1120,RATN000500000000120,pay_live_1110,17232.0,15.0,2.7,17214.3,HDFC0000123 / 50100293810291,2026-07-30 10:37:47,SETTLED
set_live_1121,RATN000500000000121,pay_live_1111,25679.0,0.0,0.0,25679.0,HDFC0000123 / 50100293810291,2026-07-20 03:18:38,SETTLED
set_live_1122,RATN000500000000122,pay_live_1112,13023.0,260.46,46.88,12715.66,HDFC0000123 / 50100293810291,2026-07-04 05:55:18,SETTLED
set_live_1123,RATN000500000000123,pay_live_1113,628.0,12.56,2.26,613.18,HDFC0000123 / 50100293810291,2026-07-23 18:57:11,SETTLED
set_live_1124,RATN000500000000124,pay_live_1114,8260.0,15.0,2.7,8242.3,HDFC0000123 / 50100293810291,2026-07-07 21:48:03,SETTLED
set_live_1125,RATN000500000000125,pay_live_1115,18083.0,0.0,0.0,18083.0,HDFC0000123 / 50100293810291,2026-07-30 12:09:12,SETTLED
set_live_1126,RATN000500000000126,pay_live_1116,1290.0,90.3,16.25,1183.45,HDFC0000123 / 50100293810291,2026-07-26 01:36:30,SETTLED
set_live_1127,RATN000500000000127,pay_live_1117,1538.0,107.66,19.38,1410.96,HDFC0000123 / 50100293810291,2026-07-31 22:20:59,SETTLED
set_live_1128,RATN000500000000128,pay_live_1118,1620.0,113.4,20.41,1486.19,HDFC0000123 / 50100293810291,2026-08-06 11:15:15,SETTLED
set_live_1129,RATN000500000000129,pay_live_1119,1306.0,91.42,16.46,1198.12,HDFC0000123 / 50100293810291,2026-08-20 02:42:32,SETTLED
set_live_1130,RATN000500000000130,pay_live_1120,838.0,58.66,10.56,768.78,HDFC0000123 / 50100293810291,2026-07-13 19:02:20,SETTLED
set_live_1131,RATN000500000000131,pay_live_1121,147530.0,10327.1,1858.88,135344.02,HDFC0000123 / 50100293810291,2026-07-21 10:09:20,SETTLED
set_live_1132,RATN000500000000132,pay_live_1122,17381.0,1216.67,219.0,15945.33,HDFC0000123 / 50100293810291,2026-08-02 02:24:54,SETTLED
set_live_1133,RATN000500000000133,pay_live_1123,232.0,16.24,2.92,212.84,HDFC0000123 / 50100293810291,2026-07-28 04:08:30,SETTLED
set_live_1134,RATN000500000000134,pay_live_1124,39912.0,2793.84,502.89,36615.27,HDFC0000123 / 50100293810291,2026-07-07 20:10:48,SETTLED
set_live_1135,RATN000500000000135,pay_live_1125,9395.0,657.65,118.38,8618.97,HDFC0000123 / 50100293810291,2026-08-21 02:25:44,SETTLED
set_live_1136,RATN000500000000136,pay_live_1126,115027.0,8051.89,1449.34,105525.77,HDFC0000123 / 50100293810291,2026-08-08 06:04:46,SETTLED
set_live_1137,RATN000500000000137,pay_live_1127,10671.0,746.97,134.45,9789.58,HDFC0000123 / 50100293810291,2026-08-13 16:10:57,SETTLED
set_live_1138,RATN000500000000138,pay_live_1128,935.0,65.45,11.78,857.77,HDFC0000123 / 50100293810291,2026-07-31 08:38:46,SETTLED
set_live_1139,RATN000500000000139,pay_live_1129,678.0,47.46,8.54,622.0,HDFC0000123 / 50100293810291,2026-08-16 03:09:21,SETTLED
set_live_1140,RATN000500000000140,pay_live_1130,8482.0,593.74,106.87,7781.39,HDFC0000123 / 50100293810291,2026-07-29 13:39:13,SETTLED
set_live_1141,RATN000500000000141,pay_live_1131,438.0,6.57,1.18,430.25,HDFC0000123 / 50100293810291,2026-08-21 21:41:50,SETTLED
set_live_1142,RATN000500000000142,pay_live_1132,11964.0,0.0,0.0,11964.0,HDFC0000123 / 50100293810291,2026-08-16 02:18:30,SETTLED
set_live_1143,RATN000500000000143,pay_live_1133,16156.0,323.12,58.16,15774.72,HDFC0000123 / 50100293810291,2026-08-18 20:40:33,SETTLED
set_live_1144,RATN000500000000144,pay_live_1134,77720.0,0.0,0.0,77720.0,HDFC0000123 / 50100293810291,2026-08-20 09:55:44,SETTLED
set_live_1145,RATN000500000000145,pay_live_1135,16490.0,15.0,2.7,16472.3,HDFC0000123 / 50100293810291,2026-07-19 19:42:22,SETTLED
set_live_1146,RATN000500000000146,pay_live_1136,781.0,0.0,0.0,781.0,HDFC0000123 / 50100293810291,2026-07-23 11:08:24,SETTLED
set_live_1147,RATN000500000000147,pay_live_1137,11444.0,15.0,2.7,11426.3,HDFC0000123 / 50100293810291,2026-08-13 23:57:11,SETTLED
set_live_1148,RATN000500000000148,pay_live_1138,761.0,0.0,0.0,761.0,HDFC0000123 / 50100293810291,2026-07-10 00:59:53,SETTLED
set_live_1149,RATN000500000000149,pay_live_1139,3776.0,0.0,0.0,3776.0,HDFC0000123 / 50100293810291,2026-07-15 06:26:11,SETTLED
set_live_1150,RATN000500000000150,pay_live_1140,8670.0,0.0,0.0,8670.0,HDFC0000123 / 50100293810291,2026-07-20 04:13:50,SETTLED
set_live_1151,RATN000500000000151,pay_live_1141,1389.0,0.0,0.0,1389.0,HDFC0000123 / 50100293810291,2026-08-09 18:47:20,SETTLED
set_live_1152,RATN000500000000152,pay_live_1142,5054.0,0.0,0.0,5054.0,HDFC0000123 / 50100293810291,2026-07-16 13:33:06,SETTLED
set_live_1153,RATN000500000000153,pay_live_1143,10959.0,15.0,2.7,10941.3,HDFC0000123 / 50100293810291,2026-07-29 04:34:13,SETTLED
set_live_1154,RATN000500000000154,pay_live_1144,1986.0,0.0,0.0,1986.0,HDFC0000123 / 50100293810291,2026-08-10 05:52:20,SETTLED
set_live_1155,RATN000500000000155,pay_live_1145,1716.0,34.32,6.18,1675.5,HDFC0000123 / 50100293810291,2026-07-29 01:00:52,SETTLED
set_live_1156,RATN000500000000156,pay_live_1146,710.0,0.0,0.0,710.0,HDFC0000123 / 50100293810291,2026-08-09 08:47:26,SETTLED
set_live_1157,RATN000500000000157,pay_live_1147,12893.0,0.0,0.0,12893.0,HDFC0000123 / 50100293810291,2026-08-07 07:25:25,SETTLED
set_live_1158,RATN000500000000158,pay_live_1148,106301.0,2126.02,382.68,103792.3,HDFC0000123 / 50100293810291,2026-08-07 22:17:39,SETTLED
set_live_1159,RATN000500000000159,pay_live_1149,14492.0,289.84,52.17,14149.99,HDFC0000123 / 50100293810291,2026-07-27 08:54:55,SETTLED
set_live_1160,RATN000500000000160,pay_live_1150,1307.0,0.0,0.0,1307.0,HDFC0000123 / 50100293810291,2026-07-23 16:56:31,SETTLED
set_live_1161,RATN000500000000161,pay_live_1166,62358.0,935.37,168.37,61254.26,HDFC0000123 / 50100293810291,2026-07-04 21:50:40,SETTLED
set_live_1162,RATN000500000000162,pay_live_1167,4953.0,99.06,17.83,4836.11,HDFC0000123 / 50100293810291,2026-07-20 23:52:19,SETTLED
set_live_1163,RATN000500000000163,pay_live_1168,13988.0,15.0,2.7,13970.3,HDFC0000123 / 50100293810291,2026-08-05 04:02:34,SETTLED
set_live_1164,RATN000500000000164,pay_live_1169,113685.0,2273.7,409.27,111002.03,HDFC0000123 / 50100293810291,2026-08-18 21:52:47,SETTLED
set_live_1165,RATN000500000000165,pay_live_1170,9392.0,187.84,33.81,9170.35,HDFC0000123 / 50100293810291,2026-08-15 11:44:40,SETTLED
set_live_1166,RATN000500000000166,pay_live_1171,1197.0,0.0,0.0,1197.0,HDFC0000123 / 50100293810291,2026-07-10 00:26:37,SETTLED
set_live_1167,RATN000500000000167,pay_live_1172,44344.0,15.0,2.7,44326.3,HDFC0000123 / 50100293810291,2026-07-09 10:18:14,SETTLED
set_live_1168,RATN000500000000168,pay_live_1173,1348.0,15.0,2.7,1330.3,HDFC0000123 / 50100293810291,2026-07-17 10:06:57,SETTLED
set_live_1169,RATN000500000000169,pay_live_1174,5823.0,0.0,0.0,5823.0,HDFC0000123 / 50100293810291,2026-07-10 11:05:24,SETTLED
set_live_1170,RATN000500000000170,pay_live_1175,1199.0,0.0,0.0,1199.0,HDFC0000123 / 50100293810291,2026-07-11 02:30:41,SETTLED
set_live_1171,RATN000500000000171,pay_live_1176,62920.0,0.0,0.0,62920.0,HDFC0000123 / 50100293810291,2026-07-09 04:43:58,SETTLED
set_live_1172,RATN000500000000172,pay_live_1177,1009.0,15.0,2.7,991.3,HDFC0000123 / 50100293810291,2026-07-17 23:11:33,SETTLED
set_live_1173,RATN000500000000173,pay_live_1178,914.0,18.28,3.29,892.43,HDFC0000123 / 50100293810291,2026-07-19 16:12:47,SETTLED
set_live_1174,RATN000500000000174,pay_live_1179,1408.0,0.0,0.0,1408.0,HDFC0000123 / 50100293810291,2026-08-09 13:05:47,SETTLED
set_live_1175,RATN000500000000175,pay_live_1180,8724.0,174.48,31.41,8518.11,HDFC0000123 / 50100293810291,2026-07-07 07:16:43,SETTLED
set_live_1176,RATN000500000000176,pay_live_1181,401.0,0.0,0.0,401.0,HDFC0000123 / 50100293810291,2026-08-22 08:01:58,SETTLED
set_live_1177,RATN000500000000177,pay_live_1182,456.0,0.0,0.0,456.0,HDFC0000123 / 50100293810291,2026-07-10 08:57:56,SETTLED
set_live_1178,RATN000500000000178,pay_live_1183,9796.0,0.0,0.0,9796.0,HDFC0000123 / 50100293810291,2026-08-08 21:04:21,SETTLED
set_live_1179,RATN000500000000179,pay_live_1184,19238.0,0.0,0.0,19238.0,HDFC0000123 / 50100293810291,2026-07-10 12:08:13,SETTLED
set_live_1180,RATN000500000000180,pay_live_1185,5573.0,111.46,20.06,5441.48,HDFC0000123 / 50100293810291,2026-07-31 06:19:22,SETTLED
set_live_1181,RATN000500000000181,pay_live_1186,17009.0,15.0,2.7,16991.3,HDFC0000123 / 50100293810291,2026-08-12 11:07:16,SETTLED
set_live_1182,RATN000500000000182,pay_live_1187,16534.0,0.0,0.0,16534.0,HDFC0000123 / 50100293810291,2026-07-06 15:21:42,SETTLED
set_live_1183,RATN000500000000183,pay_live_1188,1395.0,0.0,0.0,1395.0,HDFC0000123 / 50100293810291,2026-08-09 06:45:57,SETTLED
set_live_1184,RATN000500000000184,pay_live_1189,1134.0,0.0,0.0,1134.0,HDFC0000123 / 50100293810291,2026-08-10 03:09:16,SETTLED
set_live_1185,RATN000500000000185,pay_live_1190,9045.0,180.9,32.56,8831.54,HDFC0000123 / 50100293810291,2026-07-30 01:58:50,SETTLED
set_live_1186,RATN000500000000186,pay_live_1191,1593.0,0.0,0.0,1593.0,HDFC0000123 / 50100293810291,2026-07-09 00:28:01,SETTLED
set_live_1187,RATN000500000000187,pay_live_1192,17540.0,350.8,63.14,17126.06,HDFC0000123 / 50100293810291,2026-07-06 16:54:59,SETTLED
set_live_1188,RATN000500000000188,pay_live_1193,14210.0,0.0,0.0,14210.0,HDFC0000123 / 50100293810291,2026-07-11 07:06:50,SETTLED
set_live_1189,RATN000500000000189,pay_live_1194,1888.0,0.0,0.0,1888.0,HDFC0000123 / 50100293810291,2026-08-14 01:00:55,SETTLED
set_live_1190,RATN000500000000190,pay_live_1195,311.0,6.22,1.12,303.66,HDFC0000123 / 50100293810291,2026-08-08 03:18:06,SETTLED
set_live_1191,RATN000500000000191,pay_live_1196,1238.0,0.0,0.0,1238.0,HDFC0000123 / 50100293810291,2026-07-25 13:50:54,SETTLED
set_live_1192,RATN000500000000192,pay_live_1197,70294.0,1405.88,253.06,68635.06,HDFC0000123 / 50100293810291,2026-08-11 07:47:06,SETTLED
set_live_1193,RATN000500000000193,pay_live_1198,37527.0,0.0,0.0,37527.0,HDFC0000123 / 50100293810291,2026-07-03 18:20:34,SETTLED
set_live_1194,RATN000500000000194,pay_live_1199,1880.0,0.0,0.0,1880.0,HDFC0000123 / 50100293810291,2026-07-12 06:44:43,SETTLED
set_live_1195,RATN000500000000195,pay_live_1200,87027.0,1740.54,313.3,84973.16,HDFC0000123 / 50100293810291,2026-08-19 06:17:20,SETTLED
set_live_1196,RATN000500000000196,pay_live_1201,737.0,0.0,0.0,737.0,HDFC0000123 / 50100293810291,2026-08-17 20:52:54,SETTLED
set_live_1197,RATN000500000000197,pay_live_1202,1364.0,27.28,4.91,1331.81,HDFC0000123 / 50100293810291,2026-07-06 07:07:07,SETTLED
set_live_1198,RATN000500000000198,pay_live_1203,16484.0,329.68,59.34,16094.98,HDFC0000123 / 50100293810291,2026-07-28 21:15:37,SETTLED
set_live_1199,RATN000500000000199,pay_live_1204,1487.0,0.0,0.0,1487.0,HDFC0000123 / 50100293810291,2026-08-15 07:32:21,SETTLED
set_live_1200,RATN000500000000200,pay_live_1205,1326.0,19.89,3.58,1302.53,HDFC0000123 / 50100293810291,2026-07-05 12:17:52,SETTLED
set_live_1201,RATN000500000000201,pay_live_1206,11484.0,0.0,0.0,11484.0,HDFC0000123 / 50100293810291,2026-07-22 15:04:20,SETTLED
set_live_1202,RATN000500000000202,pay_live_1207,1540.0,30.8,5.54,1503.66,HDFC0000123 / 50100293810291,2026-07-17 03:37:09,SETTLED
set_live_1203,RATN000500000000203,pay_live_1208,22772.0,455.44,81.98,22234.58,HDFC0000123 / 50100293810291,2026-07-29 12:32:18,SETTLED
set_live_1204,RATN000500000000204,pay_live_1209,15252.0,0.0,0.0,15252.0,HDFC0000123 / 50100293810291,2026-08-17 08:27:47,SETTLED
set_live_1205,RATN000500000000205,pay_live_1210,97528.0,0.0,0.0,97528.0,HDFC0000123 / 50100293810291,2026-08-11 04:56:39,SETTLED
set_live_1206,RATN000500000000206,pay_live_1211,35945.0,0.0,0.0,35945.0,HDFC0000123 / 50100293810291,2026-07-30 04:28:17,SETTLED
set_live_1207,RATN000500000000207,pay_live_1212,9260.0,185.2,33.34,9041.46,HDFC0000123 / 50100293810291,2026-07-23 17:09:23,SETTLED
set_live_1208,RATN000500000000208,pay_live_1213,1688.0,0.0,0.0,1688.0,HDFC0000123 / 50100293810291,2026-07-24 22:49:44,SETTLED
set_live_1209,RATN000500000000209,pay_live_1214,503.0,0.0,0.0,503.0,HDFC0000123 / 50100293810291,2026-07-14 07:11:32,SETTLED
set_live_1210,RATN000500000000210,pay_live_1215,16709.0,0.0,0.0,16709.0,HDFC0000123 / 50100293810291,2026-08-15 08:46:08,SETTLED
set_live_1211,RATN000500000000211,pay_live_1216,999.0,0.0,0.0,999.0,HDFC0000123 / 50100293810291,2026-07-07 04:33:24,SETTLED
set_live_1212,RATN000500000000212,pay_live_1217,13532.0,0.0,0.0,13532.0,HDFC0000123 / 50100293810291,2026-08-03 16:21:32,SETTLED
set_live_1213,RATN000500000000213,pay_live_1218,686.0,13.72,2.47,669.81,HDFC0000123 / 50100293810291,2026-07-07 07:58:53,SETTLED
set_live_1214,RATN000500000000214,pay_live_1219,17162.0,0.0,0.0,17162.0,HDFC0000123 / 50100293810291,2026-08-09 06:55:28,SETTLED
set_live_1215,RATN000500000000215,pay_live_1220,12535.0,188.03,33.85,12313.12,HDFC0000123 / 50100293810291,2026-08-10 01:32:23,SETTLED
set_live_1216,RATN000500000000216,pay_live_1221,74878.0,1497.56,269.56,73110.88,HDFC0000123 / 50100293810291,2026-07-24 09:09:30,SETTLED
set_live_1217,RATN000500000000217,pay_live_1222,16398.0,15.0,2.7,16380.3,HDFC0000123 / 50100293810291,2026-08-05 03:41:24,SETTLED
set_live_1218,RATN000500000000218,pay_live_1223,1685.0,33.7,6.07,1645.23,HDFC0000123 / 50100293810291,2026-07-24 09:40:57,SETTLED
set_live_1219,RATN000500000000219,pay_live_1224,1488.0,15.0,2.7,1470.3,HDFC0000123 / 50100293810291,2026-07-26 20:17:54,SETTLED
set_live_1220,RATN000500000000220,pay_live_1225,6634.0,0.0,0.0,6634.0,HDFC0000123 / 50100293810291,2026-07-24 19:44:18,SETTLED
set_live_1221,RATN000500000000221,pay_live_1226,4776.0,15.0,2.7,4758.3,HDFC0000123 / 50100293810291,2026-07-22 03:28:02,SETTLED
set_live_1222,RATN000500000000222,pay_live_1227,19248.0,15.0,2.7,19230.3,HDFC0000123 / 50100293810291,2026-07-08 06:46:25,SETTLED
set_live_1223,RATN000500000000223,pay_live_1228,537.0,0.0,0.0,537.0,HDFC0000123 / 50100293810291,2026-07-24 02:14:02,SETTLED
set_live_1224,RATN000500000000224,pay_live_1229,1713.0,0.0,0.0,1713.0,HDFC0000123 / 50100293810291,2026-07-09 06:50:33,SETTLED
set_live_1225,RATN000500000000225,pay_live_1230,60503.0,907.54,163.36,59432.1,HDFC0000123 / 50100293810291,2026-07-11 06:28:54,SETTLED
set_live_1226,RATN000500000000226,pay_live_1231,30848.0,0.0,0.0,30848.0,HDFC0000123 / 50100293810291,2026-08-18 02:03:09,SETTLED
set_live_1227,RATN000500000000227,pay_live_1232,112347.0,2246.94,404.45,109695.61,HDFC0000123 / 50100293810291,2026-08-20 09:52:27,SETTLED
set_live_1228,RATN000500000000228,pay_live_1233,1755.0,0.0,0.0,1755.0,HDFC0000123 / 50100293810291,2026-08-22 03:58:56,SETTLED
set_live_1229,RATN000500000000229,pay_live_1234,135514.0,0.0,0.0,135514.0,HDFC0000123 / 50100293810291,2026-08-20 19:53:16,SETTLED
set_live_1230,RATN000500000000230,pay_live_1235,29070.0,15.0,2.7,29052.3,HDFC0000123 / 50100293810291,2026-07-18 13:42:16,SETTLED
set_live_1231,RATN000500000000231,pay_live_1236,18905.0,378.1,68.06,18458.84,HDFC0000123 / 50100293810291,2026-07-09 22:06:10,SETTLED
set_live_1232,RATN000500000000232,pay_live_1237,29656.0,593.12,106.76,28956.12,HDFC0000123 / 50100293810291,2026-07-29 15:58:43,SETTLED
set_live_1233,RATN000500000000233,pay_live_1238,910.0,0.0,0.0,910.0,HDFC0000123 / 50100293810291,2026-08-03 21:17:05,SETTLED
set_live_1234,RATN000500000000234,pay_live_1239,301.0,0.0,0.0,301.0,HDFC0000123 / 50100293810291,2026-08-17 08:22:36,SETTLED
set_live_1235,RATN000500000000235,pay_live_1240,1798.0,15.0,2.7,1780.3,HDFC0000123 / 50100293810291,2026-08-02 09:55:30,SETTLED
set_live_1236,RATN000500000000236,pay_live_1241,261.0,0.0,0.0,261.0,HDFC0000123 / 50100293810291,2026-07-03 22:17:30,SETTLED
set_live_1237,RATN000500000000237,pay_live_1242,5643.0,0.0,0.0,5643.0,HDFC0000123 / 50100293810291,2026-08-20 20:18:48,SETTLED
set_live_1238,RATN000500000000238,pay_live_1243,1724.0,0.0,0.0,1724.0,HDFC0000123 / 50100293810291,2026-08-11 01:04:20,SETTLED
set_live_1239,RATN000500000000239,pay_live_1244,1154.0,23.08,4.15,1126.77,HDFC0000123 / 50100293810291,2026-08-07 21:45:51,SETTLED
set_live_1240,RATN000500000000240,pay_live_1245,9882.0,197.64,35.58,9648.78,HDFC0000123 / 50100293810291,2026-08-08 03:12:15,SETTLED
set_live_1241,RATN000500000000241,pay_live_1246,1176.0,15.0,2.7,1158.3,HDFC0000123 / 50100293810291,2026-08-06 04:53:45,SETTLED
set_live_1242,RATN000500000000242,pay_live_1247,891.0,0.0,0.0,891.0,HDFC0000123 / 50100293810291,2026-07-25 22:49:45,SETTLED
set_live_1243,RATN000500000000243,pay_live_1248,1600.0,0.0,0.0,1600.0,HDFC0000123 / 50100293810291,2026-08-14 09:10:43,SETTLED
set_live_1244,RATN000500000000244,pay_live_1249,792.0,0.0,0.0,792.0,HDFC0000123 / 50100293810291,2026-08-12 19:54:14,SETTLED
set_live_1245,RATN000500000000245,pay_live_1250,6418.0,0.0,0.0,6418.0,HDFC0000123 / 50100293810291,2026-07-07 09:51:31,SETTLED
set_live_1246,RATN000500000000246,pay_live_1251,507.0,10.14,1.83,495.03,HDFC0000123 / 50100293810291,2026-07-04 21:04:08,SETTLED
set_live_1247,RATN000500000000247,pay_live_1252,3199.0,47.98,8.64,3142.38,HDFC0000123 / 50100293810291,2026-08-20 09:13:41,SETTLED
set_live_1248,RATN000500000000248,pay_live_1253,41753.0,835.06,150.31,40767.63,HDFC0000123 / 50100293810291,2026-07-19 17:54:44,SETTLED
set_live_1249,RATN000500000000249,pay_live_1254,45339.0,906.78,163.22,44269.0,HDFC0000123 / 50100293810291,2026-07-23 19:36:38,SETTLED
set_live_1250,RATN000500000000250,pay_live_1255,268.0,0.0,0.0,268.0,HDFC0000123 / 50100293810291,2026-08-17 23:05:39,SETTLED
set_live_1251,RATN000500000000251,pay_live_1256,262.0,5.24,0.94,255.82,HDFC0000123 / 50100293810291,2026-07-23 09:23:04,SETTLED
set_live_1252,RATN000500000000252,pay_live_1257,1008.0,15.12,2.72,990.16,HDFC0000123 / 50100293810291,2026-07-25 01:05:32,SETTLED
set_live_1253,RATN000500000000253,pay_live_1258,1719.0,34.38,6.19,1678.43,HDFC0000123 / 50100293810291,2026-07-05 12:45:46,SETTLED
set_live_1254,RATN000500000000254,pay_live_1259,64525.0,0.0,0.0,64525.0,HDFC0000123 / 50100293810291,2026-07-12 12:14:26,SETTLED
set_live_1255,RATN000500000000255,pay_live_1260,1693.0,0.0,0.0,1693.0,HDFC0000123 / 50100293810291,2026-08-12 22:25:27,SETTLED
set_live_1256,RATN000500000000256,pay_live_1261,14155.0,15.0,2.7,14137.3,HDFC0000123 / 50100293810291,2026-07-26 04:49:53,SETTLED
set_live_1257,RATN000500000000257,pay_live_1262,1429.0,0.0,0.0,1429.0,HDFC0000123 / 50100293810291,2026-07-19 19:12:01,SETTLED
set_live_1258,RATN000500000000258,pay_live_1263,1249.0,0.0,0.0,1249.0,HDFC0000123 / 50100293810291,2026-07-09 18:54:07,SETTLED
set_live_1259,RATN000500000000259,pay_live_1264,1975.0,39.5,7.11,1928.39,HDFC0000123 / 50100293810291,2026-08-02 19:07:55,SETTLED
set_live_1260,RATN000500000000260,pay_live_1265,49170.0,983.4,177.01,48009.59,HDFC0000123 / 50100293810291,2026-07-08 07:56:38,SETTLED
set_live_1261,RATN000500000000261,pay_live_1266,11514.0,0.0,0.0,11514.0,HDFC0000123 / 50100293810291,2026-07-21 15:50:04,SETTLED
set_live_1262,RATN000500000000262,pay_live_1267,5976.0,0.0,0.0,5976.0,HDFC0000123 / 50100293810291,2026-07-14 17:18:00,SETTLED
set_live_1263,RATN000500000000263,pay_live_1268,14088.0,0.0,0.0,14088.0,HDFC0000123 / 50100293810291,2026-08-01 05:09:24,SETTLED
set_live_1264,RATN000500000000264,pay_live_1269,1567.0,0.0,0.0,1567.0,HDFC0000123 / 50100293810291,2026-08-18 03:37:26,SETTLED
set_live_1265,RATN000500000000265,pay_live_1270,748.0,14.96,2.69,730.35,HDFC0000123 / 50100293810291,2026-08-12 12:31:15,SETTLED
set_live_1266,RATN000500000000266,pay_live_1271,7962.0,159.24,28.66,7774.1,HDFC0000123 / 50100293810291,2026-08-20 14:32:31,SETTLED
set_live_1267,RATN000500000000267,pay_live_1272,11965.0,0.0,0.0,11965.0,HDFC0000123 / 50100293810291,2026-07-12 17:23:50,SETTLED
set_live_1268,RATN000500000000268,pay_live_1273,25168.0,0.0,0.0,25168.0,HDFC0000123 / 50100293810291,2026-07-18 19:43:25,SETTLED
set_live_1269,RATN000500000000269,pay_live_1274,1191.0,23.82,4.29,1162.89,HDFC0000123 / 50100293810291,2026-07-08 03:45:03,SETTLED
set_live_1270,RATN000500000000270,pay_live_1275,13063.0,15.0,2.7,13045.3,HDFC0000123 / 50100293810291,2026-08-07 14:54:13,SETTLED
set_live_1271,RATN000500000000271,pay_live_1276,70529.0,1410.58,253.9,68864.52,HDFC0000123 / 50100293810291,2026-08-07 22:45:28,SETTLED
set_live_1272,RATN000500000000272,pay_live_1277,1919.0,0.0,0.0,1919.0,HDFC0000123 / 50100293810291,2026-08-12 03:21:27,SETTLED
set_live_1273,RATN000500000000273,pay_live_1278,64891.0,1297.82,233.61,63359.57,HDFC0000123 / 50100293810291,2026-07-27 21:30:43,SETTLED
set_live_1274,RATN000500000000274,pay_live_1279,1050.0,21.0,3.78,1025.22,HDFC0000123 / 50100293810291,2026-07-15 23:40:42,SETTLED
set_live_1275,RATN000500000000275,pay_live_1280,13317.0,0.0,0.0,13317.0,HDFC0000123 / 50100293810291,2026-07-27 18:53:08,SETTLED
set_live_1276,RATN000500000000276,pay_live_1281,10764.0,0.0,0.0,10764.0,HDFC0000123 / 50100293810291,2026-07-30 21:09:55,SETTLED
set_live_1277,RATN000500000000277,pay_live_1282,47402.0,0.0,0.0,47402.0,HDFC0000123 / 50100293810291,2026-07-17 15:52:39,SETTLED
set_live_1278,RATN000500000000278,pay_live_1283,18866.0,0.0,0.0,18866.0,HDFC0000123 / 50100293810291,2026-08-01 02:56:44,SETTLED
set_live_1279,RATN000500000000279,pay_live_1284,53124.0,1062.48,191.25,51870.27,HDFC0000123 / 50100293810291,2026-07-31 18:17:14,SETTLED
set_live_1280,RATN000500000000280,pay_live_1285,1322.0,26.44,4.76,1290.8,HDFC0000123 / 50100293810291,2026-08-13 11:30:46,SETTLED
set_live_1281,RATN000500000000281,pay_live_1286,1906.0,0.0,0.0,1906.0,HDFC0000123 / 50100293810291,2026-07-19 12:28:34,SETTLED
set_live_1282,RATN000500000000282,pay_live_1287,1266.0,25.32,4.56,1236.12,HDFC0000123 / 50100293810291,2026-08-06 20:25:01,SETTLED
set_live_1283,RATN000500000000283,pay_live_1288,11165.0,0.0,0.0,11165.0,HDFC0000123 / 50100293810291,2026-08-11 07:41:45,SETTLED
set_live_1284,RATN000500000000284,pay_live_1289,793.0,0.0,0.0,793.0,HDFC0000123 / 50100293810291,2026-08-06 21:52:40,SETTLED
set_live_1285,RATN000500000000285,pay_live_1290,181.0,0.0,0.0,181.0,HDFC0000123 / 50100293810291,2026-07-04 12:13:12,SETTLED
set_live_1286,RATN000500000000286,pay_live_1291,6880.0,137.6,24.77,6717.63,HDFC0000123 / 50100293810291,2026-08-10 06:09:54,SETTLED
set_live_1287,RATN000500000000287,pay_live_1292,114222.0,0.0,0.0,114222.0,HDFC0000123 / 50100293810291,2026-08-08 22:36:51,SETTLED
set_live_1288,RATN000500000000288,pay_live_1293,1769.0,0.0,0.0,1769.0,HDFC0000123 / 50100293810291,2026-07-03 23:26:42,SETTLED
set_live_1289,RATN000500000000289,pay_live_1294,1939.0,15.0,2.7,1921.3,HDFC0000123 / 50100293810291,2026-08-18 11:41:25,SETTLED
set_live_1290,RATN000500000000290,pay_live_1295,9456.0,189.12,34.04,9232.84,HDFC0000123 / 50100293810291,2026-08-17 14:40:43,SETTLED
set_live_1291,RATN000500000000291,pay_live_1296,14458.0,0.0,0.0,14458.0,HDFC0000123 / 50100293810291,2026-07-12 08:19:21,SETTLED
set_live_1292,RATN000500000000292,pay_live_1297,956.0,0.0,0.0,956.0,HDFC0000123 / 50100293810291,2026-07-11 23:47:32,SETTLED
set_live_1293,RATN000500000000293,pay_live_1298,68223.0,0.0,0.0,68223.0,HDFC0000123 / 50100293810291,2026-08-17 13:47:03,SETTLED
set_live_1294,RATN000500000000294,pay_live_1299,137702.0,15.0,2.7,137684.3,HDFC0000123 / 50100293810291,2026-08-05 00:23:25,SETTLED
set_live_1295,RATN000500000000295,pay_live_1300,10662.0,0.0,0.0,10662.0,HDFC0000123 / 50100293810291,2026-08-11 03:16:17,SETTLED
set_live_1296,RATN000500000000296,pay_live_1301,708.0,0.0,0.0,708.0,HDFC0000123 / 50100293810291,2026-08-20 21:48:08,SETTLED
set_live_1297,RATN000500000000297,pay_live_1302,1727.0,34.54,6.22,1686.24,HDFC0000123 / 50100293810291,2026-08-17 19:22:43,SETTLED
set_live_1298,RATN000500000000298,pay_live_1303,94199.0,15.0,2.7,94181.3,HDFC0000123 / 50100293810291,2026-07-20 15:21:09,SETTLED
set_live_1299,RATN000500000000299,pay_live_1304,17698.0,0.0,0.0,17698.0,HDFC0000123 / 50100293810291,2026-07-15 18:54:13,SETTLED
set_live_1300,RATN000500000000300,pay_live_1305,1359.0,27.18,4.89,1326.93,HDFC0000123 / 50100293810291,2026-08-19 04:18:32,SETTLED
set_live_1301,RATN000500000000301,pay_live_1306,575.0,11.5,2.07,561.43,HDFC0000123 / 50100293810291,2026-07-05 15:27:10,SETTLED
set_live_1302,RATN000500000000302,pay_live_1307,1226.0,0.0,0.0,1226.0,HDFC0000123 / 50100293810291,2026-07-13 02:44:03,SETTLED
set_live_1303,RATN000500000000303,pay_live_1308,687.0,0.0,0.0,687.0,HDFC0000123 / 50100293810291,2026-07-22 19:44:09,SETTLED
set_live_1304,RATN000500000000304,pay_live_1309,1611.0,32.22,5.8,1572.98,HDFC0000123 / 50100293810291,2026-08-17 15:59:11,SETTLED
set_live_1305,RATN000500000000305,pay_live_1310,22381.0,15.0,2.7,22363.3,HDFC0000123 / 50100293810291,2026-07-28 03:15:54,SETTLED
set_live_1306,RATN000500000000306,pay_live_1311,1333.0,0.0,0.0,1333.0,HDFC0000123 / 50100293810291,2026-07-08 21:23:02,SETTLED
set_live_1307,RATN000500000000307,pay_live_1312,8318.0,0.0,0.0,8318.0,HDFC0000123 / 50100293810291,2026-07-09 21:12:12,SETTLED
set_live_1308,RATN000500000000308,pay_live_1313,2461.0,0.0,0.0,2461.0,HDFC0000123 / 50100293810291,2026-08-18 22:51:28,SETTLED
set_live_1309,RATN000500000000309,pay_live_1314,46574.0,0.0,0.0,46574.0,HDFC0000123 / 50100293810291,2026-07-30 05:23:04,SETTLED
set_live_1310,RATN000500000000310,pay_live_1315,386.0,0.0,0.0,386.0,HDFC0000123 / 50100293810291,2026-08-01 22:03:30,SETTLED
set_live_1311,RATN000500000000311,pay_live_1316,1642.0,0.0,0.0,1642.0,HDFC0000123 / 50100293810291,2026-07-19 20:21:09,SETTLED
set_live_1312,RATN000500000000312,pay_live_1317,582.0,15.0,2.7,564.3,HDFC0000123 / 50100293810291,2026-07-06 10:07:50,SETTLED
set_live_1313,RATN000500000000313,pay_live_1318,12190.0,0.0,0.0,12190.0,HDFC0000123 / 50100293810291,2026-08-15 17:42:30,SETTLED
set_live_1314,RATN000500000000314,pay_live_1319,372.0,7.44,1.34,363.22,HDFC0000123 / 50100293810291,2026-08-01 18:30:17,SETTLED
set_live_1315,RATN000500000000315,pay_live_1320,69633.0,0.0,0.0,69633.0,HDFC0000123 / 50100293810291,2026-08-06 08:53:48,SETTLED
set_live_1316,RATN000500000000316,pay_live_1321,25365.0,380.47,68.48,24916.05,HDFC0000123 / 50100293810291,2026-08-05 03:38:19,SETTLED
set_live_1317,RATN000500000000317,pay_live_1322,1796.0,35.92,6.47,1753.61,HDFC0000123 / 50100293810291,2026-08-07 03:17:34,SETTLED
set_live_1318,RATN000500000000318,pay_live_1323,48956.0,0.0,0.0,48956.0,HDFC0000123 / 50100293810291,2026-07-10 11:16:20,SETTLED
set_live_1319,RATN000500000000319,pay_live_1324,212.0,0.0,0.0,212.0,HDFC0000123 / 50100293810291,2026-07-31 15:36:37,SETTLED
set_live_1320,RATN000500000000320,pay_live_1325,12098.0,0.0,0.0,12098.0,HDFC0000123 / 50100293810291,2026-08-17 13:28:56,SETTLED
set_live_1321,RATN000500000000321,pay_live_1326,3484.0,0.0,0.0,3484.0,HDFC0000123 / 50100293810291,2026-07-29 23:45:47,SETTLED
set_live_1322,RATN000500000000322,pay_live_1327,936.0,18.72,3.37,913.91,HDFC0000123 / 50100293810291,2026-07-13 18:52:06,SETTLED
set_live_1323,RATN000500000000323,pay_live_1328,1977.0,39.54,7.12,1930.34,HDFC0000123 / 50100293810291,2026-07-27 00:08:48,SETTLED
set_live_1324,RATN000500000000324,pay_live_1329,1199.0,23.98,4.32,1170.7,HDFC0000123 / 50100293810291,2026-07-28 05:09:31,SETTLED
set_live_1325,RATN000500000000325,pay_live_1330,11776.0,0.0,0.0,11776.0,HDFC0000123 / 50100293810291,2026-08-01 11:47:51,SETTLED
set_live_1326,RATN000500000000326,pay_live_1331,36220.0,0.0,0.0,36220.0,HDFC0000123 / 50100293810291,2026-07-31 22:13:54,SETTLED
set_live_1327,RATN000500000000327,pay_live_1332,1451.0,29.02,5.22,1416.76,HDFC0000123 / 50100293810291,2026-07-29 06:51:25,SETTLED
set_live_1328,RATN000500000000328,pay_live_1333,1315.0,0.0,0.0,1315.0,HDFC0000123 / 50100293810291,2026-07-05 01:42:56,SETTLED
set_live_1329,RATN000500000000329,pay_live_1334,578.0,11.56,2.08,564.36,HDFC0000123 / 50100293810291,2026-08-05 20:53:37,SETTLED
set_live_1330,RATN000500000000330,pay_live_1335,105693.0,2113.86,380.49,103198.65,HDFC0000123 / 50100293810291,2026-08-18 08:21:33,SETTLED
set_live_1331,RATN000500000000331,pay_live_1336,63267.0,1265.34,227.76,61773.9,HDFC0000123 / 50100293810291,2026-08-04 18:31:05,SETTLED
set_live_1332,RATN000500000000332,pay_live_1337,68182.0,0.0,0.0,68182.0,HDFC0000123 / 50100293810291,2026-07-14 07:47:17,SETTLED
set_live_1333,RATN000500000000333,pay_live_1338,63997.0,0.0,0.0,63997.0,HDFC0000123 / 50100293810291,2026-07-27 04:21:16,SETTLED
set_live_1334,RATN000500000000334,pay_live_1339,475.0,0.0,0.0,475.0,HDFC0000123 / 50100293810291,2026-08-20 07:32:22,SETTLED
set_live_1335,RATN000500000000335,pay_live_1340,23776.0,0.0,0.0,23776.0,HDFC0000123 / 50100293810291,2026-08-07 00:30:00,SETTLED
set_live_1336,RATN000500000000336,pay_live_1341,775.0,15.5,2.79,756.71,HDFC0000123 / 50100293810291,2026-08-12 16:00:28,SETTLED
set_live_1337,RATN000500000000337,pay_live_1342,8241.0,0.0,0.0,8241.0,HDFC0000123 / 50100293810291,2026-07-05 19:28:57,SETTLED
set_live_1338,RATN000500000000338,pay_live_1343,1658.0,0.0,0.0,1658.0,HDFC0000123 / 50100293810291,2026-08-09 13:43:27,SETTLED
set_live_1339,RATN000500000000339,pay_live_1344,41821.0,836.42,150.56,40834.02,HDFC0000123 / 50100293810291,2026-07-21 11:18:47,SETTLED
set_live_1340,RATN000500000000340,pay_live_1345,17693.0,0.0,0.0,17693.0,HDFC0000123 / 50100293810291,2026-07-18 10:38:57,SETTLED
set_live_1341,RATN000500000000341,pay_live_1346,11275.0,225.5,40.59,11008.91,HDFC0000123 / 50100293810291,2026-07-27 00:34:54,SETTLED
set_live_1342,RATN000500000000342,pay_live_1347,1906.0,0.0,0.0,1906.0,HDFC0000123 / 50100293810291,2026-08-03 04:11:27,SETTLED
set_live_1343,RATN000500000000343,pay_live_1348,44294.0,0.0,0.0,44294.0,HDFC0000123 / 50100293810291,2026-07-23 03:04:31,SETTLED
set_live_1344,RATN000500000000344,pay_live_1349,1232.0,15.0,2.7,1214.3,HDFC0000123 / 50100293810291,2026-08-09 04:50:05,SETTLED
set_live_1345,RATN000500000000345,pay_live_1350,876.0,0.0,0.0,876.0,HDFC0000123 / 50100293810291,2026-08-07 18:35:23,SETTLED
set_live_1346,RATN000500000000346,pay_live_1351,139304.0,2786.08,501.49,136016.43,HDFC0000123 / 50100293810291,2026-07-31 17:49:13,SETTLED
set_live_1347,RATN000500000000347,pay_live_1352,18001.0,0.0,0.0,18001.0,HDFC0000123 / 50100293810291,2026-07-14 04:46:02,SETTLED
set_live_1348,RATN000500000000348,pay_live_1353,63792.0,1275.84,229.65,62286.51,HDFC0000123 / 50100293810291,2026-07-05 10:29:41,SETTLED
set_live_1349,RATN000500000000349,pay_live_1354,1134.0,0.0,0.0,1134.0,HDFC0000123 / 50100293810291,2026-07-31 23:08:31,SETTLED
set_live_1350,RATN000500000000350,pay_live_1355,1188.0,23.76,4.28,1159.96,HDFC0000123 / 50100293810291,2026-08-07 02:01:42,SETTLED
set_live_1351,RATN000500000000351,pay_live_1356,1764.0,35.28,6.35,1722.37,HDFC0000123 / 50100293810291,2026-08-16 10:32:08,SETTLED
set_live_1352,RATN000500000000352,pay_live_1357,9896.0,148.44,26.72,9720.84,HDFC0000123 / 50100293810291,2026-07-15 07:36:22,SETTLED
set_live_1353,RATN000500000000353,pay_live_1358,930.0,18.6,3.35,908.05,HDFC0000123 / 50100293810291,2026-08-01 07:17:04,SETTLED
set_live_1354,RATN000500000000354,pay_live_1359,3038.0,15.0,2.7,3020.3,HDFC0000123 / 50100293810291,2026-07-08 00:25:34,SETTLED
set_live_1355,RATN000500000000355,pay_live_1360,449.0,0.0,0.0,449.0,HDFC0000123 / 50100293810291,2026-07-08 02:55:59,SETTLED
set_live_1356,RATN000500000000356,pay_live_1361,22788.0,0.0,0.0,22788.0,HDFC0000123 / 50100293810291,2026-07-16 18:01:30,SETTLED
set_live_1357,RATN000500000000357,pay_live_1362,64854.0,0.0,0.0,64854.0,HDFC0000123 / 50100293810291,2026-07-20 03:41:33,SETTLED
set_live_1358,RATN000500000000358,pay_live_1363,523.0,10.46,1.88,510.66,HDFC0000123 / 50100293810291,2026-08-08 15:49:28,SETTLED
set_live_1359,RATN000500000000359,pay_live_1364,591.0,0.0,0.0,591.0,HDFC0000123 / 50100293810291,2026-08-07 23:44:09,SETTLED
set_live_1360,RATN000500000000360,pay_live_1365,4569.0,0.0,0.0,4569.0,HDFC0000123 / 50100293810291,2026-08-04 09:23:27,SETTLED
set_live_1361,RATN000500000000361,pay_live_1366,42321.0,634.81,114.27,41571.92,HDFC0000123 / 50100293810291,2026-08-10 09:42:17,SETTLED
set_live_1362,RATN000500000000362,pay_live_1367,1021.0,0.0,0.0,1021.0,HDFC0000123 / 50100293810291,2026-08-02 21:24:38,SETTLED
set_live_1363,RATN000500000000363,pay_live_1368,14454.0,0.0,0.0,14454.0,HDFC0000123 / 50100293810291,2026-07-08 07:19:20,SETTLED
set_live_1364,RATN000500000000364,pay_live_1369,414.0,0.0,0.0,414.0,HDFC0000123 / 50100293810291,2026-07-27 12:54:15,SETTLED
set_live_1365,RATN000500000000365,pay_live_1370,317.0,6.34,1.14,309.52,HDFC0000123 / 50100293810291,2026-07-07 14:22:04,SETTLED
set_live_1366,RATN000500000000366,pay_live_1371,277.0,4.16,0.75,272.09,HDFC0000123 / 50100293810291,2026-07-14 03:29:14,SETTLED
set_live_1367,RATN000500000000367,pay_live_1372,1234.0,15.0,2.7,1216.3,HDFC0000123 / 50100293810291,2026-07-08 06:43:13,SETTLED
set_live_1368,RATN000500000000368,pay_live_1373,946.0,0.0,0.0,946.0,HDFC0000123 / 50100293810291,2026-07-26 16:51:32,SETTLED
set_live_1369,RATN000500000000369,pay_live_1374,878.0,0.0,0.0,878.0,HDFC0000123 / 50100293810291,2026-07-12 15:21:50,SETTLED
set_live_1370,RATN000500000000370,pay_live_1375,989.0,19.78,3.56,965.66,HDFC0000123 / 50100293810291,2026-07-20 00:21:06,SETTLED
set_live_1371,RATN000500000000371,pay_live_1376,67244.0,0.0,0.0,67244.0,HDFC0000123 / 50100293810291,2026-08-12 01:40:51,SETTLED
set_live_1372,RATN000500000000372,pay_live_1377,112.0,0.0,0.0,112.0,HDFC0000123 / 50100293810291,2026-07-27 22:55:09,SETTLED
set_live_1373,RATN000500000000373,pay_live_1378,980.0,14.7,2.65,962.65,HDFC0000123 / 50100293810291,2026-08-13 05:11:53,SETTLED
set_live_1374,RATN000500000000374,pay_live_1379,7820.0,156.4,28.15,7635.45,HDFC0000123 / 50100293810291,2026-07-27 23:22:24,SETTLED
set_live_1375,RATN000500000000375,pay_live_1380,673.0,0.0,0.0,673.0,HDFC0000123 / 50100293810291,2026-08-21 23:23:24,SETTLED
set_live_1376,RATN000500000000376,pay_live_1381,1671.0,33.42,6.02,1631.56,HDFC0000123 / 50100293810291,2026-08-06 14:47:25,SETTLED
set_live_1377,RATN000500000000377,pay_live_1382,24532.0,0.0,0.0,24532.0,HDFC0000123 / 50100293810291,2026-08-22 03:48:27,SETTLED
set_live_1378,RATN000500000000378,pay_live_1383,1447.0,0.0,0.0,1447.0,HDFC0000123 / 50100293810291,2026-07-12 11:30:21,SETTLED
set_live_1379,RATN000500000000379,pay_live_1384,137815.0,2756.3,496.13,134562.57,HDFC0000123 / 50100293810291,2026-08-09 00:36:21,SETTLED
set_live_1380,RATN000500000000380,pay_live_1385,13781.0,206.72,37.21,13537.07,HDFC0000123 / 50100293810291,2026-08-16 04:38:52,SETTLED
set_live_1381,RATN000500000000381,pay_live_1386,13632.0,0.0,0.0,13632.0,HDFC0000123 / 50100293810291,2026-07-13 09:43:31,SETTLED
set_live_1382,RATN000500000000382,pay_live_1387,131421.0,2628.42,473.12,128319.46,HDFC0000123 / 50100293810291,2026-07-08 13:10:43,SETTLED
set_live_1383,RATN000500000000383,pay_live_1388,9242.0,0.0,0.0,9242.0,HDFC0000123 / 50100293810291,2026-07-31 00:26:38,SETTLED
set_live_1384,RATN000500000000384,pay_live_1389,11680.0,0.0,0.0,11680.0,HDFC0000123 / 50100293810291,2026-07-28 13:10:14,SETTLED
set_live_1385,RATN000500000000385,pay_live_1390,1705.0,15.0,2.7,1687.3,HDFC0000123 / 50100293810291,2026-07-16 03:32:40,SETTLED
set_live_1386,RATN000500000000386,pay_live_1391,16825.0,0.0,0.0,16825.0,HDFC0000123 / 50100293810291,2026-07-22 13:22:25,SETTLED
set_live_1387,RATN000500000000387,pay_live_1392,7385.0,0.0,0.0,7385.0,HDFC0000123 / 50100293810291,2026-08-18 18:35:25,SETTLED
set_live_1388,RATN000500000000388,pay_live_1393,1045.0,0.0,0.0,1045.0,HDFC0000123 / 50100293810291,2026-07-16 22:44:15,SETTLED
set_live_1389,RATN000500000000389,pay_live_1394,158.0,0.0,0.0,158.0,HDFC0000123 / 50100293810291,2026-08-19 08:56:36,SETTLED
set_live_1390,RATN000500000000390,pay_live_1395,1542.0,0.0,0.0,1542.0,HDFC0000123 / 50100293810291,2026-07-15 16:18:32,SETTLED
set_live_1391,RATN000500000000391,pay_live_1396,19592.0,391.84,70.53,19129.63,HDFC0000123 / 50100293810291,2026-07-13 23:22:14,SETTLED
set_live_1392,RATN000500000000392,pay_live_1397,18039.0,360.78,64.94,17613.28,HDFC0000123 / 50100293810291,2026-08-05 09:23:29,SETTLED
set_live_1393,RATN000500000000393,pay_live_1398,13400.0,201.0,36.18,13162.82,HDFC0000123 / 50100293810291,2026-07-25 01:43:45,SETTLED
set_live_1394,RATN000500000000394,pay_live_1399,373.0,0.0,0.0,373.0,HDFC0000123 / 50100293810291,2026-07-22 14:17:43,SETTLED
set_live_1395,RATN000500000000395,pay_live_1400,18738.0,0.0,0.0,18738.0,HDFC0000123 / 50100293810291,2026-07-27 00:41:42,SETTLED
set_live_1396,RATN000500000000396,pay_live_1401,19608.0,392.16,70.59,19145.25,HDFC0000123 / 50100293810291,2026-08-16 07:02:16,SETTLED
set_live_1397,RATN000500000000397,pay_live_1402,743.0,14.86,2.67,725.47,HDFC0000123 / 50100293810291,2026-07-31 06:05:36,SETTLED
set_live_1398,RATN000500000000398,pay_live_1403,1768.0,0.0,0.0,1768.0,HDFC0000123 / 50100293810291,2026-07-27 06:34:42,SETTLED
set_live_1399,RATN000500000000399,pay_live_1404,1819.0,0.0,0.0,1819.0,HDFC0000123 / 50100293810291,2026-07-31 05:11:52,SETTLED
set_live_1400,RATN000500000000400,pay_live_1405,661.0,13.22,2.38,645.4,HDFC0000123 / 50100293810291,2026-07-17 06:20:20,SETTLED
set_live_1401,RATN000500000000401,pay_live_1406,5709.0,0.0,0.0,5709.0,HDFC0000123 / 50100293810291,2026-08-07 15:20:14,SETTLED
set_live_1402,RATN000500000000402,pay_live_1407,16462.0,0.0,0.0,16462.0,HDFC0000123 / 50100293810291,2026-08-05 19:29:23,SETTLED
set_live_1403,RATN000500000000403,pay_live_1408,812.0,16.24,2.92,792.84,HDFC0000123 / 50100293810291,2026-07-08 01:56:36,SETTLED
set_live_1404,RATN000500000000404,pay_live_1409,16030.0,0.0,0.0,16030.0,HDFC0000123 / 50100293810291,2026-07-13 08:09:40,SETTLED
set_live_1405,RATN000500000000405,pay_live_1410,57360.0,860.4,154.87,56344.73,HDFC0000123 / 50100293810291,2026-07-25 06:22:00,SETTLED
set_live_1406,RATN000500000000406,pay_live_1411,646.0,0.0,0.0,646.0,HDFC0000123 / 50100293810291,2026-08-04 07:56:53,SETTLED
set_live_1407,RATN000500000000407,pay_live_1412,38174.0,15.0,2.7,38156.3,HDFC0000123 / 50100293810291,2026-08-12 18:48:15,SETTLED
set_live_1408,RATN000500000000408,pay_live_1413,10111.0,0.0,0.0,10111.0,HDFC0000123 / 50100293810291,2026-08-20 10:28:01,SETTLED
set_live_1409,RATN000500000000409,pay_live_1414,947.0,0.0,0.0,947.0,HDFC0000123 / 50100293810291,2026-07-27 02:09:11,SETTLED
set_live_1410,RATN000500000000410,pay_live_1415,14093.0,0.0,0.0,14093.0,HDFC0000123 / 50100293810291,2026-08-01 04:21:52,SETTLED
set_live_1411,RATN000500000000411,pay_live_1416,17022.0,0.0,0.0,17022.0,HDFC0000123 / 50100293810291,2026-08-12 11:48:08,SETTLED
set_live_1412,RATN000500000000412,pay_live_1417,978.0,14.67,2.64,960.69,HDFC0000123 / 50100293810291,2026-07-16 05:17:46,SETTLED
set_live_1413,RATN000500000000413,pay_live_1418,17903.0,0.0,0.0,17903.0,HDFC0000123 / 50100293810291,2026-08-22 00:59:22,SETTLED
set_live_1414,RATN000500000000414,pay_live_1419,17059.0,255.88,46.06,16757.06,HDFC0000123 / 50100293810291,2026-07-03 18:04:29,SETTLED
set_live_1415,RATN000500000000415,pay_live_1420,975.0,0.0,0.0,975.0,HDFC0000123 / 50100293810291,2026-07-15 12:58:22,SETTLED
set_live_1416,RATN000500000000416,pay_live_1421,837.0,16.74,3.01,817.25,HDFC0000123 / 50100293810291,2026-07-18 12:27:06,SETTLED
set_live_1417,RATN000500000000417,pay_live_1422,9672.0,0.0,0.0,9672.0,HDFC0000123 / 50100293810291,2026-07-30 10:09:00,SETTLED
set_live_1418,RATN000500000000418,pay_live_1423,6348.0,15.0,2.7,6330.3,HDFC0000123 / 50100293810291,2026-08-08 17:35:28,SETTLED
set_live_1419,RATN000500000000419,pay_live_1424,5951.0,0.0,0.0,5951.0,HDFC0000123 / 50100293810291,2026-07-30 11:10:57,SETTLED
set_live_1420,RATN000500000000420,pay_live_1425,1749.0,26.23,4.72,1718.05,HDFC0000123 / 50100293810291,2026-07-08 16:23:28,SETTLED
set_live_1421,RATN000500000000421,pay_live_1426,6362.0,0.0,0.0,6362.0,HDFC0000123 / 50100293810291,2026-08-13 07:12:51,SETTLED
set_live_1422,RATN000500000000422,pay_live_1427,818.0,0.0,0.0,818.0,HDFC0000123 / 50100293810291,2026-08-17 17:44:07,SETTLED
set_live_1423,RATN000500000000423,pay_live_1428,9118.0,15.0,2.7,9100.3,HDFC0000123 / 50100293810291,2026-07-07 17:11:21,SETTLED
set_live_1424,RATN000500000000424,pay_live_1429,978.0,0.0,0.0,978.0,HDFC0000123 / 50100293810291,2026-07-22 18:16:34,SETTLED
set_live_1425,RATN000500000000425,pay_live_1430,11336.0,226.72,40.81,11068.47,HDFC0000123 / 50100293810291,2026-08-21 11:02:55,SETTLED
set_live_1426,RATN000500000000426,pay_live_1431,8181.0,0.0,0.0,8181.0,HDFC0000123 / 50100293810291,2026-08-18 22:20:51,SETTLED
set_live_1427,RATN000500000000427,pay_live_1432,5694.0,0.0,0.0,5694.0,HDFC0000123 / 50100293810291,2026-07-18 05:44:03,SETTLED
set_live_1428,RATN000500000000428,pay_live_1433,116481.0,0.0,0.0,116481.0,HDFC0000123 / 50100293810291,2026-07-11 01:57:19,SETTLED
set_live_1429,RATN000500000000429,pay_live_1434,17434.0,15.0,2.7,17416.3,HDFC0000123 / 50100293810291,2026-08-20 16:03:17,SETTLED
set_live_1430,RATN000500000000430,pay_live_1435,1988.0,0.0,0.0,1988.0,HDFC0000123 / 50100293810291,2026-07-05 22:36:52,SETTLED
set_live_1431,RATN000500000000431,pay_live_1436,1197.0,23.94,4.31,1168.75,HDFC0000123 / 50100293810291,2026-08-06 06:13:36,SETTLED
set_live_1432,RATN000500000000432,pay_live_1437,8658.0,0.0,0.0,8658.0,HDFC0000123 / 50100293810291,2026-07-12 05:25:25,SETTLED
set_live_1433,RATN000500000000433,pay_live_1438,9819.0,0.0,0.0,9819.0,HDFC0000123 / 50100293810291,2026-07-05 20:07:32,SETTLED
set_live_1434,RATN000500000000434,pay_live_1439,3803.0,0.0,0.0,3803.0,HDFC0000123 / 50100293810291,2026-07-22 10:50:02,SETTLED
set_live_1435,RATN000500000000435,pay_live_1440,2371.0,15.0,2.7,2353.3,HDFC0000123 / 50100293810291,2026-07-13 03:23:32,SETTLED
set_live_1436,RATN000500000000436,pay_live_1441,1698.0,33.96,6.11,1657.93,HDFC0000123 / 50100293810291,2026-07-20 11:58:30,SETTLED
set_live_1437,RATN000500000000437,pay_live_1442,229.0,0.0,0.0,229.0,HDFC0000123 / 50100293810291,2026-07-19 11:41:35,SETTLED
set_live_1438,RATN000500000000438,pay_live_1443,3816.0,0.0,0.0,3816.0,HDFC0000123 / 50100293810291,2026-08-03 05:10:43,SETTLED
set_live_1439,RATN000500000000439,pay_live_1444,64179.0,0.0,0.0,64179.0,HDFC0000123 / 50100293810291,2026-08-17 16:16:38,SETTLED
set_live_1440,RATN000500000000440,pay_live_1445,1065.0,21.3,3.83,1039.87,HDFC0000123 / 50100293810291,2026-07-26 01:02:54,SETTLED
set_live_1441,RATN000500000000441,pay_live_1446,15741.0,236.11,42.5,15462.39,HDFC0000123 / 50100293810291,2026-07-17 00:18:01,SETTLED
set_live_1442,RATN000500000000442,pay_live_1447,5912.0,0.0,0.0,5912.0,HDFC0000123 / 50100293810291,2026-08-04 08:01:34,SETTLED
set_live_1443,RATN000500000000443,pay_live_1448,127551.0,2551.02,459.18,124540.8,HDFC0000123 / 50100293810291,2026-07-07 04:59:16,SETTLED
set_live_1444,RATN000500000000444,pay_live_1449,2261.0,0.0,0.0,2261.0,HDFC0000123 / 50100293810291,2026-07-25 17:21:12,SETTLED
set_live_1445,RATN000500000000445,pay_live_1450,853.0,17.06,3.07,832.87,HDFC0000123 / 50100293810291,2026-08-09 04:51:13,SETTLED
set_live_1446,RATN000500000000446,pay_live_1451,10032.0,200.64,36.12,9795.24,HDFC0000123 / 50100293810291,2026-07-11 14:02:28,SETTLED
set_live_1447,RATN000500000000447,pay_live_1452,1818.0,36.36,6.54,1775.1,HDFC0000123 / 50100293810291,2026-08-15 10:24:37,SETTLED
set_live_1448,RATN000500000000448,pay_live_1453,1184.0,15.0,2.7,1166.3,HDFC0000123 / 50100293810291,2026-07-18 03:31:53,SETTLED
set_live_1449,RATN000500000000449,pay_live_1454,1985.0,0.0,0.0,1985.0,HDFC0000123 / 50100293810291,2026-07-17 02:29:34,SETTLED
set_live_1450,RATN000500000000450,pay_live_1455,18561.0,371.22,66.82,18122.96,HDFC0000123 / 50100293810291,2026-07-11 07:54:51,SETTLED
set_live_1451,RATN000500000000451,pay_live_1456,1455.0,29.1,5.24,1420.66,HDFC0000123 / 50100293810291,2026-07-10 21:20:44,SETTLED
set_live_1452,RATN000500000000452,pay_live_1457,12690.0,253.8,45.68,12390.52,HDFC0000123 / 50100293810291,2026-07-23 04:20:29,SETTLED
set_live_1453,RATN000500000000453,pay_live_1458,5570.0,111.4,20.05,5438.55,HDFC0000123 / 50100293810291,2026-07-11 14:14:28,SETTLED
set_live_1454,RATN000500000000454,pay_live_1459,832.0,0.0,0.0,832.0,HDFC0000123 / 50100293810291,2026-08-20 19:28:40,SETTLED
set_live_1455,RATN000500000000455,pay_live_1460,1752.0,35.04,6.31,1710.65,HDFC0000123 / 50100293810291,2026-08-14 22:55:03,SETTLED
set_live_1456,RATN000500000000456,pay_live_1461,1555.0,31.1,5.6,1518.3,HDFC0000123 / 50100293810291,2026-07-17 23:26:22,SETTLED
set_live_1457,RATN000500000000457,pay_live_1462,455.0,0.0,0.0,455.0,HDFC0000123 / 50100293810291,2026-07-04 01:55:30,SETTLED
set_live_1458,RATN000500000000458,pay_live_1463,1724.0,0.0,0.0,1724.0,HDFC0000123 / 50100293810291,2026-07-10 13:04:15,SETTLED
set_live_1459,RATN000500000000459,pay_live_1464,44395.0,0.0,0.0,44395.0,HDFC0000123 / 50100293810291,2026-08-15 07:44:38,SETTLED
set_live_1460,RATN000500000000460,pay_live_1465,231.0,4.62,0.83,225.55,HDFC0000123 / 50100293810291,2026-07-15 09:29:43,SETTLED
set_live_1461,RATN000500000000461,pay_live_1466,1043.0,0.0,0.0,1043.0,HDFC0000123 / 50100293810291,2026-07-05 20:01:05,SETTLED
set_live_1462,RATN000500000000462,pay_live_1467,14541.0,290.82,52.35,14197.83,HDFC0000123 / 50100293810291,2026-08-15 00:14:51,SETTLED
set_live_1463,RATN000500000000463,pay_live_1468,1908.0,0.0,0.0,1908.0,HDFC0000123 / 50100293810291,2026-07-11 14:42:14,SETTLED
set_live_1464,RATN000500000000464,pay_live_1469,17696.0,353.92,63.71,17278.37,HDFC0000123 / 50100293810291,2026-07-05 12:18:41,SETTLED
set_live_1465,RATN000500000000465,pay_live_1470,19229.0,15.0,2.7,19211.3,HDFC0000123 / 50100293810291,2026-07-18 08:51:58,SETTLED
set_live_1466,RATN000500000000466,pay_live_1471,17881.0,357.62,64.37,17459.01,HDFC0000123 / 50100293810291,2026-07-25 06:35:16,SETTLED
set_live_1467,RATN000500000000467,pay_live_1472,1321.0,0.0,0.0,1321.0,HDFC0000123 / 50100293810291,2026-07-16 12:02:37,SETTLED
set_live_1468,RATN000500000000468,pay_live_1473,9627.0,0.0,0.0,9627.0,HDFC0000123 / 50100293810291,2026-07-12 13:17:01,SETTLED
set_live_1469,RATN000500000000469,pay_live_1474,68303.0,0.0,0.0,68303.0,HDFC0000123 / 50100293810291,2026-07-05 17:40:57,SETTLED
set_live_1470,RATN000500000000470,pay_live_1475,1312.0,26.24,4.72,1281.04,HDFC0000123 / 50100293810291,2026-07-23 09:49:20,SETTLED
set_live_1471,RATN000500000000471,pay_live_1476,56936.0,0.0,0.0,56936.0,HDFC0000123 / 50100293810291,2026-07-12 07:17:36,SETTLED
set_live_1472,RATN000500000000472,pay_live_1477,176.0,15.0,2.7,158.3,HDFC0000123 / 50100293810291,2026-07-07 13:18:54,SETTLED
set_live_1473,RATN000500000000473,pay_live_1478,12870.0,0.0,0.0,12870.0,HDFC0000123 / 50100293810291,2026-08-10 16:52:03,SETTLED
set_live_1474,RATN000500000000474,pay_live_1479,41206.0,0.0,0.0,41206.0,HDFC0000123 / 50100293810291,2026-07-05 14:13:18,SETTLED
set_live_1475,RATN000500000000475,pay_live_1480,43913.0,0.0,0.0,43913.0,HDFC0000123 / 50100293810291,2026-07-07 00:45:57,SETTLED
set_live_1476,RATN000500000000476,pay_live_1481,759.0,0.0,0.0,759.0,HDFC0000123 / 50100293810291,2026-07-10 19:47:46,SETTLED
set_live_1477,RATN000500000000477,pay_live_1482,1249.0,0.0,0.0,1249.0,HDFC0000123 / 50100293810291,2026-08-16 09:55:05,SETTLED
set_live_1478,RATN000500000000478,pay_live_1483,44797.0,895.94,161.27,43739.79,HDFC0000123 / 50100293810291,2026-07-22 10:48:39,SETTLED
set_live_1479,RATN000500000000479,pay_live_1484,57541.0,0.0,0.0,57541.0,HDFC0000123 / 50100293810291,2026-07-28 07:02:25,SETTLED
set_live_1480,RATN000500000000480,pay_live_1485,1257.0,0.0,0.0,1257.0,HDFC0000123 / 50100293810291,2026-07-09 05:12:00,SETTLED
set_live_1481,RATN000500000000481,pay_live_1486,97006.0,0.0,0.0,97006.0,HDFC0000123 / 50100293810291,2026-08-11 15:52:58,SETTLED
set_live_1482,RATN000500000000482,pay_live_1487,610.0,0.0,0.0,610.0,HDFC0000123 / 50100293810291,2026-08-15 12:25:56,SETTLED
set_live_1483,RATN000500000000483,pay_live_1488,996.0,0.0,0.0,996.0,HDFC0000123 / 50100293810291,2026-08-18 00:13:13,SETTLED
set_live_1484,RATN000500000000484,pay_live_1489,867.0,17.34,3.12,846.54,HDFC0000123 / 50100293810291,2026-07-09 03:54:24,SETTLED
set_live_1485,RATN000500000000485,pay_live_1490,1831.0,0.0,0.0,1831.0,HDFC0000123 / 50100293810291,2026-07-04 23:03:44,SETTLED
set_live_1486,RATN000500000000486,pay_live_1491,1917.0,0.0,0.0,1917.0,HDFC0000123 / 50100293810291,2026-07-26 16:48:16,SETTLED
set_live_1487,RATN000500000000487,pay_live_1492,138274.0,2765.48,497.79,135010.73,HDFC0000123 / 50100293810291,2026-08-16 11:30:10,SETTLED
set_live_1488,RATN000500000000488,pay_live_1493,306.0,6.12,1.1,298.78,HDFC0000123 / 50100293810291,2026-07-23 17:17:08,SETTLED
set_live_1489,RATN000500000000489,pay_live_1494,295.0,0.0,0.0,295.0,HDFC0000123 / 50100293810291,2026-07-05 23:38:21,SETTLED
set_live_1490,RATN000500000000490,pay_live_1495,974.0,0.0,0.0,974.0,HDFC0000123 / 50100293810291,2026-07-07 19:54:01,SETTLED
set_live_1491,RATN000500000000491,pay_live_1496,448.0,0.0,0.0,448.0,HDFC0000123 / 50100293810291,2026-08-11 22:09:33,SETTLED
set_live_1492,RATN000500000000492,pay_live_1497,10683.0,0.0,0.0,10683.0,HDFC0000123 / 50100293810291,2026-07-08 08:38:45,SETTLED
set_live_1493,RATN000500000000493,pay_live_1498,1011.0,0.0,0.0,1011.0,HDFC0000123 / 50100293810291,2026-07-04 20:29:56,SETTLED
set_live_1494,RATN000500000000494,pay_live_1499,6952.0,104.28,18.77,6828.95,HDFC0000123 / 50100293810291,2026-08-20 11:42:27,SETTLED
set_live_1495,RATN000500000000495,pay_live_1500,47131.0,706.96,127.25,46296.79,HDFC0000123 / 50100293810291,2026-08-20 06:17:09,SETTLED
set_live_1496,RATN000500000000496,pay_live_1501,47435.0,0.0,0.0,47435.0,HDFC0000123 / 50100293810291,2026-08-06 08:59:53,SETTLED
set_live_1497,RATN000500000000497,pay_live_1502,4587.0,0.0,0.0,4587.0,HDFC0000123 / 50100293810291,2026-07-28 08:03:28,SETTLED
set_live_1498,RATN000500000000498,pay_live_1503,441.0,0.0,0.0,441.0,HDFC0000123 / 50100293810291,2026-07-15 17:10:03,SETTLED
set_live_1499,RATN000500000000499,pay_live_1504,1783.0,0.0,0.0,1783.0,HDFC0000123 / 50100293810291,2026-08-11 15:58:03,SETTLED
set_live_1500,RATN000500000000500,pay_live_1505,1238.0,0.0,0.0,1238.0,HDFC0000123 / 50100293810291,2026-07-28 03:21:20,SETTLED
set_live_1501,RATN000500000000501,pay_live_1506,20810.0,0.0,0.0,20810.0,HDFC0000123 / 50100293810291,2026-08-22 12:41:01,SETTLED
set_live_1502,RATN000500000000502,pay_live_1507,1259.0,0.0,0.0,1259.0,HDFC0000123 / 50100293810291,2026-08-09 06:51:36,SETTLED
set_live_1503,RATN000500000000503,pay_live_1508,19551.0,0.0,0.0,19551.0,HDFC0000123 / 50100293810291,2026-07-24 23:18:06,SETTLED
set_live_1504,RATN000500000000504,pay_live_1509,7642.0,15.0,2.7,7624.3,HDFC0000123 / 50100293810291,2026-07-20 01:11:57,SETTLED
set_live_1505,RATN000500000000505,pay_live_1510,41724.0,0.0,0.0,41724.0,HDFC0000123 / 50100293810291,2026-08-15 20:04:03,SETTLED
set_live_1506,RATN000500000000506,pay_live_1511,1773.0,26.59,4.79,1741.62,HDFC0000123 / 50100293810291,2026-08-21 22:21:34,SETTLED
set_live_1507,RATN000500000000507,pay_live_1512,104879.0,2097.58,377.56,102403.86,HDFC0000123 / 50100293810291,2026-07-10 23:51:24,SETTLED
set_live_1508,RATN000500000000508,pay_live_1513,4925.0,98.5,17.73,4808.77,HDFC0000123 / 50100293810291,2026-07-15 00:14:25,SETTLED
set_live_1509,RATN000500000000509,pay_live_1514,14252.0,0.0,0.0,14252.0,HDFC0000123 / 50100293810291,2026-07-06 06:51:08,SETTLED
set_live_1510,RATN000500000000510,pay_live_1515,1697.0,33.94,6.11,1656.95,HDFC0000123 / 50100293810291,2026-08-05 07:03:07,SETTLED
set_live_1511,RATN000500000000511,pay_live_1516,36350.0,0.0,0.0,36350.0,HDFC0000123 / 50100293810291,2026-07-05 01:06:47,SETTLED
set_live_1512,RATN000500000000512,pay_live_1517,1785.0,0.0,0.0,1785.0,HDFC0000123 / 50100293810291,2026-08-01 03:26:11,SETTLED
set_live_1513,RATN000500000000513,pay_live_1518,1100.0,16.5,2.97,1080.53,HDFC0000123 / 50100293810291,2026-08-10 04:16:31,SETTLED
set_live_1514,RATN000500000000514,pay_live_1519,433.0,0.0,0.0,433.0,HDFC0000123 / 50100293810291,2026-07-19 12:56:26,SETTLED
set_live_1515,RATN000500000000515,pay_live_1520,432.0,0.0,0.0,432.0,HDFC0000123 / 50100293810291,2026-08-07 19:54:50,SETTLED
set_live_1516,RATN000500000000516,pay_ghost_1521,2284.0,0.0,0.0,2284.0,HDFC0000123 / 50100293810291,2026-07-23 09:27:20,SETTLED
set_live_1517,RATN000500000000517,pay_ghost_1522,1871.0,15.0,2.7,1853.3,HDFC0000123 / 50100293810291,2026-08-13 16:25:50,SETTLED
set_live_1518,RATN000500000000518,pay_ghost_1523,573.0,0.0,0.0,573.0,HDFC0000123 / 50100293810291,2026-08-14 08:30:44,SETTLED
set_live_1519,RATN000500000000519,pay_ghost_1524,1769.0,15.0,2.7,1751.3,HDFC0000123 / 50100293810291,2026-07-12 21:10:31,SETTLED
set_live_1520,RATN000500000000520,pay_ghost_1525,3272.0,0.0,0.0,3272.0,HDFC0000123 / 50100293810291,2026-07-11 01:41:09,SETTLED
set_live_1521,RATN000500000000521,pay_ghost_1526,4893.0,0.0,0.0,4893.0,HDFC0000123 / 50100293810291,2026-07-16 01:14:20,SETTLED
set_live_1522,RATN000500000000522,pay_ghost_1527,3345.0,50.17,9.03,3285.8,HDFC0000123 / 50100293810291,2026-07-19 11:44:24,SETTLED
set_live_1523,RATN000500000000523,pay_ghost_1528,1603.0,15.0,2.7,1585.3,HDFC0000123 / 50100293810291,2026-07-10 05:45:28,SETTLED
set_live_1524,RATN000500000000524,pay_ghost_1529,2914.0,43.71,7.87,2862.42,HDFC0000123 / 50100293810291,2026-07-20 06:11:34,SETTLED
set_live_1525,RATN000500000000525,pay_ghost_1530,3151.0,47.27,8.51,3095.22,HDFC0000123 / 50100293810291,2026-07-25 09:58:55,SETTLED
set_live_1526,RATN000500000000526,pay_ghost_1531,1813.0,0.0,0.0,1813.0,HDFC0000123 / 50100293810291,2026-08-09 18:28:18,SETTLED
set_live_1527,RATN000500000000527,pay_ghost_1532,2657.0,15.0,2.7,2639.3,HDFC0000123 / 50100293810291,2026-08-05 11:49:40,SETTLED
set_live_1528,RATN000500000000528,pay_ghost_1533,3605.0,72.1,12.98,3519.92,HDFC0000123 / 50100293810291,2026-07-09 05:54:23,SETTLED
set_live_1529,RATN000500000000529,pay_ghost_1534,2456.0,15.0,2.7,2438.3,HDFC0000123 / 50100293810291,2026-07-12 08:34:52,SETTLED
set_live_1530,RATN000500000000530,pay_ghost_1535,2055.0,30.82,5.55,2018.63,HDFC0000123 / 50100293810291,2026-08-11 15:39:18,SETTLED
set_live_1531,RATN000500000000531,pay_ghost_1536,3857.0,15.0,2.7,3839.3,HDFC0000123 / 50100293810291,2026-07-14 13:33:42,SETTLED
set_live_1532,RATN000500000000532,pay_ghost_1537,858.0,17.16,3.09,837.75,HDFC0000123 / 50100293810291,2026-07-18 13:12:06,SETTLED
set_live_1533,RATN000500000000533,pay_ghost_1538,2069.0,0.0,0.0,2069.0,HDFC0000123 / 50100293810291,2026-07-10 04:41:53,SETTLED
set_live_1534,RATN000500000000534,pay_ghost_1539,4513.0,15.0,2.7,4495.3,HDFC0000123 / 50100293810291,2026-07-10 22:14:38,SETTLED
set_live_1535,RATN000500000000535,pay_ghost_1540,1080.0,0.0,0.0,1080.0,HDFC0000123 / 50100293810291,2026-07-21 06:31:59,SETTLED
